reaction_id,pass_1,pass_2,pass_3,pass_4,pass_5,pass_6,pass_7,pass_8,pass_9,pass_10,pass_11,pass_12,pass_13,pass_14,pass_15,pass_16,pass_17,pass_18,pass_19,pass_20,pass_21,pass_22,pass_23,pass_24,pass_25,pass_26,pass_27,pass_28,pass_29,pass_30,pass_31,pass_32,pass_33,pass_34,pass_35,pass_36,pass_37,pass_38,pass_39,pass_40,pass_41,pass_42,pass_43,pass_44,pass_45,pass_46,pass_47,pass_48,pass_49,pass_50,pass_51,pass_52,pass_53,pass_54,pass_55,pass_56,pass_57,pass_58,pass_59,pass_60,pass_61,pass_62,pass_63,pass_64,pass_65,pass_66,pass_67,pass_68,pass_69,pass_70,pass_71,pass_72,pass_73,pass_74,pass_75,pass_76,pass_77,pass_78,pass_79,pass_80,pass_81,pass_82,pass_83,pass_84,pass_85,pass_86,pass_87,pass_88,pass_89,pass_90,pass_91,pass_92,pass_93,pass_94,pass_95,pass_96,pass_97,pass_98,pass_99,pass_100,mean,sigma
R_00000,0.029253466503719124,0.4608872835066574,0.4272109879231137,0.31586734124453375,0.0525504940219893,0.13606713853827015,0.2859892637766689,0.038671169442285706,0.22631818617168073,0.1186987447096718,0.20092038513772836,0.29627801482383326,0.2522678591663558,0.22645948213868422,0.19026526824494086,0.8898705875915311,0.36424481516562834,0.4945124374432511,0.6253797449107542,0.4788141695131378,0.5106908693535344,0.3874470634207896,0.2875522863376923,0.2504988880441205,0.2869184649480563,0.6048315578933378,0.3061288968513572,0.26775068786315526,0.12349658796554559,0.07948438430343034,0.18828010292302483,0.3347110280702673,0.5925156859656919,0.36654358752044136,0.13190359425062204,0.2657664321138448,0.4545099601415256,0.10704329057549228,0.2292116027789518,0.17503920435733789,0.4649492725005353,0.041009960002252634,0.40072262077370774,0.5306633882072948,0.07584143577693155,0.0729478502868025,0.3720822610547093,0.04738410277038051,0.34693619503396217,0.25476677752386784,0.2507287536512506,0.10309362111780795,0.2739122933116352,0.47714588531918545,0.6349710054519726,0.43082240418048556,0.6279185803596794,0.21290644745112816,0.1409825601807113,0.33609056228607564,0.34586820850114874,0.27777181900079945,0.4546885716254141,0.23220416366898552,0.23215866771703797,0.27273939891450927,0.07935323383500278,0.6087599069972145,0.14521099921061922,0.24626644039552906,0.027253045394651638,0.47276724414410326,0.16998836640522597,0.24837941036693004,0.2645406197262666,0.043284576693571886,0.21724881191622525,0.029111778835863456,0.2085424372709554,0.3173967753968939,0.06716484474796464,0.4407287574749738,0.4575721151456651,0.35791452098147086,0.295765591453002,0.08919210236947019,0.010904501446773728,0.1832247017147913,0.3544616575873454,0.29647098325417226,0.14513999466391173,0.45774651692126633,0.3737032203430292,0.33163125406681154,0.3208628273962525,0.36624228206981835,0.24039036400155056,0.22077264763159338,0.1986275018054631,0.340384018185225,0.28599161872170525,0.16686899799397276
R_00001,0.4184288519534875,0.13108166165242244,0.15883683176524763,0.4783167210748472,0.4213058273025055,0.08471262179037278,0.2589287213773435,0.5718811694890195,0.4444450306413821,0.37573732502861124,0.3814963517376842,0.05602091125331041,0.19247004257469993,0.13282489593167277,0.4287537033544012,0.20988396352434532,0.041113467733089264,0.14164191117142508,0.26374433191331476,0.28034237322370503,0.16094757987641659,0.3482319311064652,0.18741043742278063,0.3339746684412794,0.2964006950772999,0.18652124968245756,0.11108375639545699,0.19953768321213664,0.06219096959884567,0.3614810690855478,0.24725923543439787,0.5769009399934498,0.4455802414697659,0.21847593486405126,0.22473397710282217,0.34628038159231794,0.046857739792292304,0.2989947668541057,0.2233648168687261,0.2669340829249655,0.17394007793216998,0.21628332389924454,0.16694096028094868,0.02190947706375431,0.060845172419783045,0.6128676145218168,0.495379372152574,0.18921009849710516,0.2355653508742001,0.10510920940944012,0.045051980799609634,0.4957579627982404,0.16656068433928287,0.06638390646373901,0.25471792833105045,0.26318290498698915,0.3811140048266146,0.3840120061441488,0.25932444985592756,0.14692877962588255,0.18376436533089946,0.19296857191275538,0.15122187886064214,0.26553778460275973,0.6308747811049368,0.23108160987682919,0.32644763064510535,0.23685276204087505,0.3564886158222124,0.1549258178481618,0.10072953974856765,0.17075228221196123,0.11710248600781208,0.2669079702438743,0.22546679292585217,0.19647830955605508,0.23072458283726682,0.09566935454241339,0.17493749025800598,0.529589568947417,0.20451017243968345,0.2243551876237601,0.29429568450096266,0.28324403260895137,0.5771638060163738,0.17261999937069078,0.14784257379518315,0.2424000212075178,0.39263932012774,0.5063092518136626,0.16593825714541677,0.44768823681035286,0.29248048293921874,0.3304713409969656,0.3041680739029587,0.13479537578752923,0.27466446639908393,0.611106644571718,0.19306929817885587,0.16295708973443468,0.26157455647806455,0.14329246522260308
R_00002,0.3616054828511859,0.07398073150035826,0.6574967566767367,0.07880895961287368,0.2542498553489848,0.3696993318980299,0.5089094142809764,0.4764392145624035,0.529137876723103,0.6069975637680953,0.16288205901361238,0.19139521370289514,0.1363863345108144,0.48867023379522606,0.2820648589272862,0.15835127362991822,0.5714326566234386,0.4670397995852554,0.0299536615247229,0.10396499295897642,0.23531689596733948,0.13262475719503553,0.1714566154343382,0.24778693488591746,0.05631598861941705,0.17158562248035006,0.09464867961487701,0.5136098440163906,0.1677132701169402,0.3310399453949887,0.14475291699424744,0.1912481189035299,0.13845926513295667,0.4849208892650158,0.40696616617872905,0.539416017441629,0.2861043122272207,0.4450602215517069,0.35017870334603035,0.6907493043343178,0.2637529500806346,0.09532181835019518,0.45618639353308416,0.2104486808392041,0.6157256143756302,0.2764865096891276,0.3183763573297841,0.39999059646713647,0.206094605022308,0.1678398289295597,0.11290288694797977,0.42234559977330677,0.3253632640002815,0.439883349281138,0.1629168388190643,0.19745929065328816,0.18635514811437257,0.26492512451555617,0.23159919538860826,0.3236897797655419,0.36453634916396943,0.1865008810816925,0.7927442091633653,0.21271462330397659,0.22228324632417076,0.46440488038668204,0.07012675812867329,0.471154826035522,0.6087495568610205,0.21350460397991486,0.3061091970845746,0.332763251940133,0.2639232672440066,0.25931264903082707,0.054405821024429916,0.17011828489951625,0.39524883574368064,0.2636358171849817,0.014726279876233069,0.19629436948248977,0.49554568313842706,0.5673783357887212,0.06444236809523497,0.5043601535894983,0.14399205497488185,0.4447295050725366,0.35995719515874136,0.3098235598812505,0.24636476479396865,0.4610371387303872,0.4021134162103329,0.027404122477844944,0.09958804909489086,0.2220952684560826,0.4153987175389538,0.08225516010077148,0.3928629684720858,0.26581085759654993,0.24814477285226683,0.23833685900023174,0.298419832314352,0.16895205898630183
R_00003,0.07651081615772139,0.37143712401107004,0.11650707307541604,0.41575894832936133,0.09468391187953715,0.38197144254789933,0.3484508905161079,0.5195430258392257,0.03270310970387502,0.41090894307872605,0.25321941397315606,0.719084372481886,0.18376300880945287,0.1872479584613495,0.4467337536123008,0.3851917074457468,0.36292189554214194,0.3682470407496559,0.2750118301705741,0.13913128166738717,0.378944528585517,0.09576808471330356,0.16104851505027787,0.302113355880933,0.2888210206630347,0.22363529810975363,0.29473618463918405,0.40519104732133143,0.14459463878441817,0.19725342962136555,0.30403985405881295,0.5242003248687466,0.08551351563506121,0.4353271062451725,0.18597993397637994,0.15146010921001624,0.12765426751443992,0.3906306583499755,0.6714173707105456,0.2654016024760459,0.29753309583366777,0.08199463265380756,0.2701856277035887,0.21539664909514425,0.5443388267695182,0.1301131689074169,0.1928684189024133,0.20479237612499776,0.19200856049250153,0.34778262296592083,0.293567442775421,0.7204376615174648,0.77311492382159,0.15082936484905496,0.368615092357961,0.1744056044424813,0.14056770043659195,0.3685476199688158,0.12351668682495658,0.2708587228931342,0.5612664707851369,0.13131657629294347,0.1900607846584699,0.07372050404542682,0.0783441157934583,0.13726550314982405,0.15650855090188354,0.26425364271139146,0.19475536433602791,0.1890043718727048,0.6346981336498362,0.23805789658451826,0.5369459297703404,0.11227003981766784,0.5718541779634155,0.2121483097929997,0.24216479734328136,0.3658793931890563,0.10233203382939557,0.7232861073625987,0.1906677523948834,0.3153588738468461,0.3317609232802991,0.2472916135332515,0.18840435963186442,0.3668197561136322,0.049785245338782,0.5325506676411775,0.2199687015240464,0.14495322464140908,0.4479740216916726,0.12136248590192909,0.19516121217866594,0.03257970644650764,0.16090447116316578,0.3960333142129183,0.3067342275690104,0.21929421754603465,0.033759075448728124,0.1487163213341349,0.27950446069092694,0.16976503468491108
R_00004,0.2630979135994805,0.17136887474109033,0.14350452799485997,0.06262054349917345,0.35231313015855314,0.3550013251501084,0.29069562655438574,0.4299920453880235,0.28885272242283355,0.5154933042235912,0.6647656223091148,0.14734897418253332,0.08666113387943213,0.2755173259506738,0.357937226757752,0.380033493109482,0.312415145807911,0.1365766246686535,0.2231308032168011,0.11688351897501888,0.15692620113557468,0.26154574265164976,0.5575980360618813,0.4475801006600305,0.3779326241998711,0.2853460922430744,0.0713517713201675,0.07213834498939341,0.09636308590120109,0.2674457241317203,0.3166329597956357,0.3392108471282125,0.2983187649985641,0.4073755781006372,0.5377514894431307,0.5162166835408519,0.5044672213554913,0.3418582028016985,0.708678782960031,0.13285061693598224,0.17682022649453016,0.3292344809177724,0.4530655753742089,0.13446563530177855,0.2591177979610663,0.6246599266720908,0.05208884167263405,0.3790091527902163,0.57986706578228,0.14153497458740527,0.2535419761140066,0.09387585872181835,0.17766985666236715,0.22615562255703395,0.2383109812867745,0.07025704037926096,0.018504990577189524,0.36084806065430924,0.06874505894360598,0.5283028678691716,0.1994119847381231,0.08973695969040414,0.2762763729022992,0.23612378432212464,0.33098339818587275,0.1092496124748367,0.018455713064789284,0.12019240387264542,0.13855495983746396,0.19151210329631532,0.04180440903885616,0.6516497624012844,0.46878022071294034,0.3765663860583988,0.38819900279419883,0.3457345960817604,0.23464827678817685,0.24606964055559083,0.10274265390570912,0.4252887394415383,0.23002760642071382,0.5868570041457432,0.16515368312762507,0.07856236199356577,0.22024162728311628,0.18158726414323695,0.2445877527446085,0.192303782696196,0.2769255148331678,0.2686820008772304,0.18419314875690718,0.48213108074774014,0.3048237775490216,0.7079733141790936,0.29809382217339914,0.11912618213403521,0.210278266205911,0.14673430366485787,0.21388976914474667,0.5108051330487662,0.28052833120296794,0.1656619437789028
R_00005,0.31872323103737515,0.5060113145611034,0.3254591562730746,0.36571344428271885,0.37750694827852965,0.17787207603888847,0.21998794867537336,0.17722766490408953,0.22060312561032333,0.11329071504241596,0.4546250606211615,0.09417835256683108,0.31804472350915297,0.46091857066598874,0.26560511992075625,0.3845502628425195,0.07205272307662984,0.23464626402231856,0.3104959317937764,0.19933368846415353,0.22103996841023624,0.5338352428071378,0.2622645218783042,0.31766626089939215,0.12920097165716263,0.08173982764644584,0.4963328724776906,0.10793882208440365,0.16011252412767552,0.2444342330226088,0.26738886564184877,0.3624047630246979,0.16352861643278827,0.19732967427579637,0.32306838745756244,0.0594039878120219,0.8180056118763148,0.41704833582716355,0.39321245817217576,0.060695437859453014,0.07339380903799017,0.5549790112657648,0.1300899842653077,0.29139702127947614,0.3251735966396174,0.062165517243077825,0.2491328467551553,0.6061837349699877,0.33302275960899513,0.1471542095020936,0.23022752327399013,0.14856049918808475,0.18054337610271462,0.11618701010822269,0.47494538189261365,0.4044937786771096,0.14684543009613119,0.1736563083778319,0.15748128418204288,0.18618701624259212,0.43976790288607104,0.3103846740730104,0.31471188134077216,0.3419126191355132,0.05127080393145032,0.42124448204342735,0.3828885408014917,0.18341303237449935,0.12526551252745743,0.0901996593503679,0.33949450437158446,0.10162327037856433,0.7579212327547108,0.15665939288844566,0.2652877275855226,0.026746743949764663,0.6056625823500311,0.11997684851847151,0.21868378757875867,0.17191292933379632,0.1746402650268332,0.7040099538277488,0.08064949239193754,0.43821204211417253,0.2935636041273603,0.37030413698895864,0.21165555394082355,0.3238622994909179,0.1892260133194225,0.38745480258195936,0.1476237491638148,0.2513001038652682,0.26264221832442086,0.44119243279767223,0.31677874807543505,0.1191453114906638,0.3043120141907747,0.3109030375075062,0.3636946061979364,0.49526600006151406,0.2781678231794571,0.15915829704851053
R_00006,0.3069105345468305,0.17830591446185326,0.3294658235701291,0.3034935719092649,0.6417850475057635,0.10048296101508504,0.2895650453911144,0.13373922431921512,0.4263531048135396,0.2760359188587077,0.14924091609844847,0.14086221790071968,0.0680854187941997,0.27898612790338406,0.17381597141888397,0.19039745851479137,0.040682967639339755,0.05709254077225824,0.3071770975479744,0.08497049396236289,0.06519153298433628,0.09966764826968362,0.3835290350442893,0.24757487588840368,0.5459629360585727,0.08875434740492474,0.07752121762221227,0.24088085270813483,0.5459590356691747,0.06381944730968524,0.16888608526551868,0.11621810011983129,0.1455007349572145,0.5386210412712702,0.34832936985185503,0.24914555207386502,0.32179307284558717,0.3719685427042199,0.32024437928490523,0.5659116767000579,0.6151183904928198,0.22310698411867383,0.308071691915914,0.2911632422373587,0.1440678016424481,0.052574050813887524,0.23164593709456627,0.15310364165119786,0.04929021500536644,0.1797064262932184,0.1327525756897514,0.5910167789780972,0.0421988111171005,0.20845862995201087,0.5035509319452927,0.25070197116690235,0.5798651593110472,0.5253845191609506,0.24818224899314778,0.08303552659785292,0.4273490498517837,0.14824365002631074,0.20275621679551087,0.14366289262443083,0.2993419797269953,0.184760281443377,0.30877126135365535,0.3275962318852303,0.1844006305485227,0.28345050535340893,0.27315270646469686,0.42378987287959147,0.3294453234927462,0.1639684046838491,0.38630546351418377,0.3176509609582688,0.07528376339995278,0.10052905985391451,0.07458239343486642,0.17957758951377753,0.17848578875717297,0.24686277416311042,0.02036418775441607,0.36293173123363176,0.12295882015001322,0.2558963547733271,0.27864238769087174,0.463510686665596,0.326255203685535,0.23001433703173613,0.23290990064161401,0.44712288044662796,0.1395004166937012,0.2657976573057954,0.21659388656761305,0.1821808590663688,0.18244505903112784,0.4332671078030653,0.33275562363652444,0.38674584979883325,0.25535783125856965,0.14823186818753492
R_00007,0.17318715467715953,0.3500528344949468,0.17937811887349103,0.4669399782243356,0.04400042912160206,0.29515373608992906,0.33765290290834954,0.28691230169736315,0.5786900819110765,0.1777590143231728,0.17542700061935024,0.28865930533502027,0.3017487240205529,0.23414501342961302,0.3163230831406942,0.3066520303170513,0.2777326658740686,0.10548512581079603,0.12864329024502297,0.12906541079627795,0.4983529953723496,0.5821236261888688,0.05605410559043895,0.3023782316346443,0.24465007749121015,0.19518761881365523,0.4578842650511136,0.31298639324804617,0.5244946972523942,0.06629644942061161,0.5031975015044907,0.40793307373922694,0.06500720446953,0.29368050844414334,0.3802087474835191,0.29127446440197297,0.34949857594539274,0.2149022695085042,0.2359953472169165,0.49986688205722596,0.5006540222598161,0.41512902429425613,0.29672625435050337,0.5717447178172564,0.2527548325218961,0.06644260058451157,0.15053862049254474,0.6544923155845158,0.2335713316108197,0.41333228940603695,0.2645629980880137,0.11307546762850994,0.5040986440778349,0.4265866974662444,0.04026502398033166,0.1015320131927049,0.6353450957690883,0.2171344016449038,0.38707396623305373,0.3109921050118775,0.19415438010143665,0.3593183893773659,0.04052919476732056,0.43019377663329683,0.04077127081140077,0.37113235029064157,0.4505309681815714,0.14820272953780014,0.3762465989172323,0.3301292896963286,0.3895569921198848,0.2587623281457905,0.33802158393200615,0.0515297363367647,0.27351792611656417,0.3220644171650221,0.26764043734078596,0.15504606512685642,0.47390001548257027,0.08887074525611383,0.2660052790865672,0.2832438300942239,0.14718425208777888,0.24900273208251555,0.1777499053955223,0.45274017970256497,0.2443762892672429,0.3915226723923951,0.0160327784006147,0.08668950546747407,0.23550647035413297,0.10745201760957372,0.4278880589759867,0.09136803887632283,0.15389308899993104,0.3811001560190155,0.29457308394852394,0.1057464877246508,0.5943752310480344,0.3292885851404681,0.2858749149676916,0.15292131139546747
R_00008,0.3660814109628247,0.279056585094168,0.2847926768170423,0.4093885275282874,0.6222600798943709,0.19725392769325467,0.09503379620508914,0.5097631782150132,0.40341619918820854,0.16913319478511404,0.45153074516536906,0.06481956783616812,0.48263625928911413,0.3714255693886803,0.14460392327104013,0.16234108326444463,0.1848211544583624,0.26576621140274903,0.0475031573282266,0.6289480968887977,0.26055868233456897,0.11090550070952056,0.30508769346272874,0.5582441509221829,0.4002913497564522,0.20411010260562912,0.4787505371731053,0.24271389349906025,0.10075226177442699,0.27997692795958984,0.4800127112124091,0.07675772563700088,0.31814999464723287,0.20816598116977694,0.23808772703249678,0.09163009367002813,0.05099494491348663,0.32922088426551865,0.18529637878146274,0.1061418454445246,0.20437073876841363,0.5615837411548603,0.18752271738395748,0.29190047405677905,0.05356823347236266,0.24190587300136387,0.15879681330456888,0.15013109692629806,0.5414625632792954,0.27683202372639715,0.3580031249537822,0.36367283083167146,0.0015759025023089784,0.15747713724516213,0.08278548787608042,0.24341776138801757,0.3133528659312274,0.156253649660133,0.1293936482904303,0.014567423083460592,0.10060063790676617,0.21067100081067994,0.2941044772696396,0.15248268006735627,0.2362121190242564,0.16278049711645787,0.1504902410883436,0.30264451427518335,0.43739902431733724,0.2212973055297839,0.04863658123865803,0.3505803224658448,0.09341899816357777,0.37393938070704286,0.22100529662471916,0.37081377627903,0.4120154423908811,0.48343707512040063,0.15893397282205562,0.20842155358747277,0.22001153266787088,0.18982515573615466,0.19803877457803637,0.03272023449080588,0.4706401352289702,0.3534916853683554,0.2794276551423475,0.33793145727331153,0.26565919558380313,0.3287317572175169,0.33429712546120016,0.3390645724048983,0.54330789915152,0.14668965873094855,0.3290926080626731,0.17260103049127898,0.27956716755239264,0.5008610727138105,0.3868114955520324,0.180152165558164,0.2653380611425568,0.14549451672479613
R_00009,0.5259191141441056,0.5527864507577573,0.30641006976148755,0.1375495040240034,0.0487343639161418,0.35979324527572865,0.11499246435553344,0.21423181927159138,0.4287503339074295,0.3213814122539196,0.26829134588653725,0.03975065682520098,0.040161677615914194,0.3858796689432751,0.2129663808439169,0.37511553723889296,0.0824275120819286,0.30620289735677736,0.08650997965890637,0.17664734898644918,0.15653717294463979,0.3206259395044634,0.13348235012309265,0.06353725382922597,0.2604018882780568,0.10176900415896513,0.1723489737869284,0.417509754621508,0.12663604235652204,0.5848889642917231,0.36173134331043677,0.4355486434132887,0.18310817604035823,0.36345171840831825,0.27391695431027624,0.3145793828481026,0.05445557138348601,0.3518780934797106,0.21974222041449834,0.24920621782072827,0.10071420084852566,0.5163253904721892,0.3462942369261766,0.20708546761295704,0.2044356270858654,0.29096382637524015,0.39719388114639587,0.15957079705580343,0.44652296905674527,0.30122858845549166,0.07411260258271532,0.15551112701396888,0.2827935709115625,0.1747574925982759,0.4345115000939599,0.11804773151427762,0.21819216598334226,0.19331879814259662,0.15140301271218345,0.08345925488047194,0.20583827709693595,0.24110378730700271,0.03616531781994518,0.19986175310313065,0.35054885703376854,0.0924789519423601,0.5378290045420572,0.1115580957434068,0.3504493053916149,0.3025523814733486,0.11975203569106624,0.31475536491012135,0.10579882619240781,0.29792073962903937,0.19335753685932408,0.05885892250390806,0.07671970560081282,0.1683446561967553,0.1387472280551104,0.22599790173223414,0.4723986751340538,0.2394767431078995,0.4399874849457907,0.41146553892397103,0.051798874987429175,0.20397369566295498,0.11066045784857771,0.4836996885846022,0.10017446391157686,0.15100787006971353,0.2935991720545936,0.3530203419766774,0.22905140462228013,0.46355536942292436,0.12517933645414647,0.2740638390381369,0.4102911597572501,0.3648984529056323,0.3762428113640756,0.11372829892265363,0.24783212018417872,0.13798470074836494
R_00010,0.14700885234591674,0.3340563523133909,0.44079479940803945,0.042612732248565995,0.6676571292322955,0.41435877997968634,0.40406610068439713,0.12647741961071818,0.22252022213321565,0.3688013865370731,0.2290003656528158,0.32282640061791357,0.005206495248891399,0.30699050495163666,0.4520681335526635,0.039191994283997666,0.31341788192617254,0.09616980642072788,0.860910163843398,0.43162707695912683,0.37688096018804,0.5837812915845721,0.04582249945136837,0.28764555703698497,0.32828356589004815,0.3347966621392979,0.16542121400948875,0.2604083887785464,0.3939340540919488,0.21425162645190057,0.33059493712924276,0.26072368974757243,0.18104310177048197,0.5523030473050514,0.14184922257879534,0.2388130770776741,0.32948163985648043,0.5295120816223736,0.3968132403377725,0.18984890786895847,0.09076497246491501,0.34104267060698956,0.3159125586215235,0.030682469391671515,0.03629733990012253,0.03987819253046787,0.6424202027345334,0.3500390558724179,0.5142630268544446,0.5120246969430423,0.5711740140490782,0.6405823859906628,0.5120255477703711,0.1314359551739327,0.2514940277565618,0.15960745509887808,0.2378167185666762,0.08425937923346011,0.1431060419946188,0.111708085376607,0.45443454081417006,0.37508632062595565,0.49655634999126824,0.40634485219319644,0.32260378356541025,0.3278938475630055,0.3475317518743243,0.20028330928838006,0.1884331478357306,0.2407680990907989,0.37671400674159705,0.27954005713944996,0.7042019315101817,0.4735574008326628,0.3928604688290842,0.14760765692737274,0.5298877780750412,0.23724404849373223,0.4116539672981222,0.38452467708524735,0.5515003527223609,0.12788607429883272,0.6069799605266675,0.23326957959550587,0.5263173538095255,0.18737905926152257,0.3089246651252356,0.026913006869554147,0.2982871915939716,0.28499133726421283,0.09794169491422393,0.6937289047144306,0.14335519660462434,0.22662139533943274,0.21358854544103675,0.35277612250709695,0.29302924740643405,0.22980007499002078,0.14844100842448557,0.023010763630908,0.30956975690613037,0.17836442266571115
R_00011,0.44959632791686616,0.043294071209654984,0.35498608301868256,0.45913753950652764,0.4197879802952196,0.2903449761423485,0.10577108695059081,0.15379763063990307,0.1907366265682182,0.16577446752618827,0.14193578236592413,0.11314480020550478,0.3065466999450971,0.22814720221934656,0.3124596156505994,0.18156312608845326,0.5636146207841123,0.2859720177955231,0.2753919793290486,0.2532091753495744,0.20398914928772266,0.37876469601261364,0.28628670245618393,0.11237974680567414,0.5848033552071613,0.3379005783332589,0.1868176213401324,0.22187338925300631,0.5335190454703926,0.39690162041068666,0.31756510678391164,0.44876026854844925,0.4555501083835086,0.06857713847314409,0.42375068469466454,0.40735055681451215,0.0896325302948386,0.2811276243604207,0.23681980769579392,0.07436257184971662,0.38616792728898797,0.44590357782606266,0.47665806457282517,0.07977310249131989,0.33591637119711737,0.39198678827968386,0.13002819018239853,0.09622968208974796,0.3162742517532012,0.528118676488646,0.1667575656722885,0.5254078805961653,0.4289875497536502,0.08506145199467675,0.31160930903735384,0.5565281809516783,0.09480698199021179,0.528726994509493,0.19837020113673853,0.2669785307039171,0.5166916732476903,0.5170204063278667,0.2566112631130349,0.46413522109962974,0.17053803173096888,0.21651755081090862,0.29748539998117157,0.4341244980783695,0.35782033857372125,0.36180190359148073,0.485692830770825,0.18244704411941084,0.12671032304912974,0.04419432685021721,0.1797118675289063,0.3786704428353687,0.34002484676370515,0.45248580523871157,0.40678063197979636,0.4872257092459224,0.45451028787420394,0.048099218890435724,0.1105960758589451,0.17351056347718807,0.11396518256977746,0.2576870130734548,0.23000155624375604,0.3690842752252198,0.09174807562719509,0.2697692677710177,0.20529767059409498,0.2108154237068537,0.5095523979670885,0.3239462255575004,0.7410034241491094,0.24128031125684132,0.5687227832622167,0.42543024796083756,0.11647918100631326,0.5666092452433117,0.30397033932751527,0.15640407883772814
R_00012,0.04761340342764812,0.31890358746082376,0.08398261179556789,0.1880062935704423,0.0670875848205871,0.5658664620453782,0.26430831806239896,0.23138526284534108,0.36866376625287967,0.4065555296865677,0.21362106361657235,0.683307508711124,0.01769142240822379,0.09439707207834015,0.2535975101196518,0.3373890026211415,0.4793059855917711,0.19423595460363696,0.4302655415892973,0.20243227153514823,0.45066749517610477,0.45306843380438744,0.3648299154261505,0.14865530927996626,0.23149579637960965,0.16215419663349318,0.5295312018649339,0.2889500318711199,0.16912899333075218,0.3221821657086835,0.5362433200189403,0.3931161956463685,0.16341577822387263,0.07639412306343957,0.1938818350781946,0.2801065060550073,0.10774453314141043,0.665507056509285,0.18819814600123602,0.572610718668574,0.32469413717913315,0.52656719652951,0.19700410479853586,0.12675424360199328,0.31717308343358014,0.29304509131164896,0.2619882549111241,0.3776344481668325,0.331218683926628,0.02857894485895454,0.15375917737006323,0.5143134883395984,0.3912718927070672,0.4564623644296452,0.2010331151989377,0.6733673457342642,0.10127805595531499,0.20035923843055076,0.14895608592303763,0.04471965210917056,0.6953235090629976,0.21788443913026376,0.25987875668932736,0.4956860311314055,0.6454462716982763,0.29881657821924695,0.521073388512104,0.7926083492062344,0.44466358249196114,0.17239730334768216,0.370198732271462,0.2088981164591373,0.49066925904663794,0.4767721123697899,0.36600441420946506,0.3237852737599926,0.09179698840681762,0.1699764463245884,0.13753522978728427,0.23093414930508271,0.3091840542189521,0.2210932723312543,0.15709264525715233,0.14386136858417373,0.3806366580718423,0.1358929620002042,0.15539830071555907,0.1500809592917206,0.04709116873862172,0.2217666251449633,0.13537425455748997,0.4878478877776147,0.17509743587561186,0.23588860023314243,0.32287725045715054,0.2985672001262601,0.5434199960797358,0.16724165587122145,0.26649852435969157,0.40169937067554995,0.2978363563143733,0.17169594534859278
R_00013,0.19686468105852312,0.11651640795512802,0.4641397247153672,0.27282074667998546,0.19687786181957947,0.12645647077446953,0.346070913454794,0.2002204850772713,0.22946682572839824,0.16114835985140763,0.5068203774646317,0.31906093942440333,0.22026644734255904,0.19204308849359897,0.10785239531745842,0.11937081422866096,0.3952790690598046,0.5231351407052139,0.27929247914181193,0.26474907421686195,0.1305999202793871,0.3989815732754707,0.22019509195425588,0.06944045566049162,0.40838692705120044,0.3972628542777984,0.23566671986754748,0.13010393110462562,0.35825793048140675,0.20954097874254818,0.2848975726737612,0.12151322216353859,0.36828920686963174,0.37256406531006897,0.3459095886380205,0.13911796424867273,0.5003582301135753,0.45742449981591254,0.34925507710322967,0.35615976851873116,0.6675498222249802,0.20402335174336259,0.3397971972210556,0.14905421657191756,0.24118113880466469,0.43265183676936114,0.1505587226308857,0.27318567784684766,0.2453213670296564,0.01660969478797025,0.0795754056029011,0.36397159841919535,0.8563017141432921,0.2451481656926315,0.326293064735676,0.20590725422140496,0.29789724936391565,0.1687133296996214,0.15101352794910586,0.47991855723420895,0.18051368778110483,0.6863362730055961,0.08218417794128736,0.27425312578110667,0.4067485094406912,0.19402240219037414,0.21069348107494718,0.08683353920393884,0.21904007030636588,0.33092003513428575,0.26654466154906253,0.2947829597483335,0.08792171745967467,0.3673965274092343,0.17997747921855853,0.5047278877885384,0.1897827293262899,0.20411833656895964,0.2973838835058712,0.14190539282885797,0.20533587254374344,0.09766100252492088,0.1975893499276565,0.3944374676526946,0.2366606707754265,0.44186060349573486,0.35138479349114515,0.5142014237855345,0.26095574806709904,0.1302598159128836,0.31818760593989115,0.28681519655917204,0.20292038994532538,0.10841847268050521,0.33447942178041185,0.4847847500264593,0.3123635192745388,0.2598443191797967,0.13957004902844686,0.3621333527035926,0.2783300147591051,0.1440281895620293
R_00014,0.431656346506901,0.6326510218704426,0.05619297423914674,0.48101371834968587,0.05261487681921899,0.10235206905930012,0.18182645446878967,0.48968597726798363,0.2279930396483349,0.26352499705569715,0.17827952098640415,0.5700561133276422,0.19655650448640655,0.7423513613506368,0.12296737284642442,0.04149727857388064,0.011965284188083233,0.2138691429179362,0.15739355986332582,0.3914629947757541,0.15713090981290745,0.1586706433367255,0.33683205079192413,0.14952231422808349,0.48909812445159007,0.2848758894515752,0.4719354302583393,0.2492078040992535,0.06387234086945465,0.19087898294060796,0.04697410687520193,0.10515727127791615,0.44621909391198294,0.3392726888770241,0.1946174708310943,0.12322984902307595,0.6555900438539188,0.7944083554282456,0.3566011122311571,0.4486172813845598,0.3701516536667502,0.20230896645176094,0.29602512274177334,0.4023567612919853,0.19910721251620964,0.49578412991319565,0.06397626657194196,0.3179629713528428,0.32924880476354246,0.4480184451650148,0.41912216055641577,0.1338615687842624,0.3218893067031632,0.351244616368602,0.6190296782590754,0.5459163383387097,0.4100880952283984,0.3463098540565777,0.07982794182998425,0.08209595232787363,0.008121607717506899,0.3127270039165681,0.2657781740718507,0.1634698799980781,0.4940539120977249,0.23292386280967847,0.11623658621942755,0.35939152142257713,0.031546025644839416,0.1996844539514596,0.09566609327532724,0.0799915525895401,0.30077711586105893,0.3272215440084435,0.14384188755610908,0.3729027238208039,0.31872975271991855,0.17180401199561537,0.14468455660349452,0.033937003589806995,0.4637898247778464,0.4340985023328924,0.5880708579136406,0.44525124471473865,0.2188027737498107,0.3957597494367731,0.23808592690572553,0.44877582288160484,0.15275804994466943,0.1301275259901357,0.37700441856357325,0.07265681414149536,0.2177540848317137,0.2992971113849333,0.1859212535586851,0.37069163601700367,0.5190302234949575,0.5286853223967937,0.3228399620030244,0.2301051238548057,0.2885594371818937,0.1742621389871909
R_00015,0.7695144544287753,0.3590157945404216,0.28179679665960083,0.17649709564011903,0.11095938530727113,0.07468405344219056,0.31585623018933834,0.3332100575218532,0.20356257805301248,0.21070752653856395,0.22901439634051465,0.059063474409988215,0.19799853610142354,0.6000447933614078,0.2991757403319236,0.4675215306315522,0.17259589877184175,0.276235128524243,0.22211802146549114,0.09782282603544419,0.3480629516939907,0.09311990872286437,0.16907645358216797,0.2779447826980082,0.2533239066595493,0.21945756292097038,0.16412958960954405,0.5272832078764659,0.4199251031681412,0.17256998693518188,0.3858779323463622,0.2969962489461875,0.33104600655983496,0.27245062338077664,0.06896585076766829,0.29689002076478577,0.26944712018524436,0.20284723725439366,0.5257745226216424,0.09117674024846809,0.32308862595832516,0.38502142865440814,0.2545499909996649,0.29526824568018883,0.02829274622918175,0.056745116751858164,0.26407525443030055,0.20870154041568242,0.4724938343267037,0.2599739246363614,0.20122404168000765,0.12408453064377838,0.34644413421181663,0.41949692875337224,0.14246241077529026,0.3176600159301539,0.09806894977580782,0.036190822608190454,0.2423755626267009,0.42544679100488986,0.3432601745759913,0.07239123040663535,0.5820256929193299,0.3990728944552398,0.36611472005180323,0.23855038839496004,0.28692259609171306,0.22347694826150283,0.43513678618357404,0.12188609212136237,0.060430296998800676,0.11943296551200629,0.5730511638348267,0.04444330604637179,0.2836939857820883,0.28566383317240807,0.274976448070831,0.4786408167106561,0.08642339173339776,0.7280462530857192,0.15842576821475493,0.14777228121823066,0.24651374225636447,0.1046727997687141,0.44274337801931496,0.14798200055113325,0.04494765851966689,0.24362285741954445,0.6424942627932706,0.6943493651925058,0.34236730021770395,0.39528358845787753,0.07882301507805843,0.6276277881250913,0.5146064234599748,0.21810178504117828,0.6360103830663727,0.36343114892816925,0.05729385756804288,0.05957607703505928,0.2791571043667015,0.17067029397137057
R_00016,0.37557405180069126,0.2231278324822501,0.42010062150435146,0.766114007619087,0.28649152440060843,0.09605879039331432,0.07449452546770803,0.3789663078162809,0.3184120514992449,0.15592304331075396,0.030081914103838675,0.19283582999716234,0.08268622007073571,0.1164548656295343,0.4012807301124416,0.46882380881203567,0.31953975981624155,0.32793586011825676,0.032177142771941815,0.3353326386864048,0.11999861665685876,0.24397718495901088,0.36084712481070164,0.2605114300983573,0.48219461686630805,0.4785426166338963,0.4360602452952931,0.12185762230050284,0.039946084242143194,0.21809210458613493,0.37241052206693653,0.12370886689250304,0.21614911945187126,0.3479314891246223,0.3036771599294922,0.22729454168891206,0.5274044812682113,0.24412227049996754,0.15333251048019947,0.15994908874787275,0.17468645963760984,0.09995084321440756,0.17974177441280512,0.10073581559848126,0.10329659368472068,0.3945039727388745,0.2402843477339966,0.1303695190764188,0.2777985884112528,0.23022132920264604,0.6308792790952829,0.32293058876431313,0.3659909040081357,0.27395537681666116,0.6058604267881315,0.40154979445934535,0.04225477675161714,0.1459649520963809,0.29185799264707335,0.25349574583098455,0.27872609071250487,0.31763432450899215,0.19765901607738426,0.18589942791375647,0.23205458528928485,0.33509732069462767,0.35233314002628896,0.2971684769696321,0.3254262401925633,0.23497224788853496,0.24672487371309434,0.17914009945831977,0.23141985200229484,0.11275428108068386,0.4216287207877864,0.3712245902864907,0.15875941771446173,0.41536397308856404,0.1626576536120194,0.40192217864633956,0.185239379002177,0.18635829720648564,0.084662368823204,0.2019056352672103,0.21616779550020135,0.42144439147138146,0.4052546100246721,0.1969288947093112,0.3279789467126581,0.0733076479343067,0.5291333910023786,0.15124196482668167,0.2721009368092837,0.06991384267056797,0.35394728733854625,0.11047702550779846,0.33711967448854824,0.1895636992713598,0.43440437218819244,0.48116712182575866,0.2679363209722618,0.14174506630873412
R_00017,0.10186698647038615,0.3019987886959186,0.241624062416482,0.2707737586546537,0.5842341250504667,0.3790025555764815,0.05724901237381744,0.46849306740952973,0.29213045357456857,0.28735267541754006,0.13805299880176952,0.3353115282530825,0.07082968541955312,0.07954178521051333,0.5530178797689519,0.31750142816036897,0.08712268298122391,0.07149005155054519,0.1689944692099426,0.2632700295255891,0.16441750654706297,0.6912699959185006,0.2877387109115719,0.44724333742483574,0.28515860339544385,0.21922810026159684,0.11235686023159903,0.5070073263987991,0.2877257381555867,0.26871262477462987,0.31828800623476083,0.2657741947343805,0.26907381112073286,0.036051432387739966,0.1921005311111473,0.2183543695206864,0.24713888908157408,0.27994950482416,0.07326794230456665,0.21507260758726499,0.14306232878179953,0.2118530588977138,0.05646129144969659,0.11325439890713901,0.20681427149774095,0.26479535257190684,0.5027866375672778,0.3556789540553983,0.33093572934636023,0.3020629313970621,0.26829602757392446,0.18471972110787852,0.08066089407408172,0.4068548399682915,0.4826866638090356,0.09483696087748159,0.4606208378541656,0.07283172894986703,0.26653885099271185,0.4550872981256483,0.10426744599466899,0.1913336642483749,0.16703815241102488,0.5593340838674599,0.08148058868159279,0.1494904126191745,0.03498955110129675,0.04630684408181165,0.3515819714788213,0.34383506828957183,0.5196552712977791,0.4757722084522358,0.13130812312906728,0.20581339505794738,0.04729423393933261,0.3789908756809515,0.16731859966169726,0.1683787074946064,0.05712797144478477,0.2034869214504145,0.6290138468854024,0.5304932833023379,0.16993160723497924,0.0920271908415821,0.20677731270144206,0.13912516435081532,0.6065524986429852,0.30724895034064215,0.17782743274597965,0.1757648102596113,0.40845878111376765,0.2754906631131662,0.30638403591805013,0.3499893211971427,0.6609807529182341,0.3283986477673946,0.22593548006463748,0.19290122999278853,0.27335428143091745,0.26170242596533916,0.2641978870242303,0.1563335864212988
R_00018,0.34536469886417903,0.2165580943662825,0.29028429589352944,0.6149704387458864,0.1381161502101383,0.3515350794523533,0.31431594938931096,0.3428574262523445,0.40783348986417806,0.2659003658089893,0.084403645093095,0.11446698656279632,0.17679410427875997,0.1023255116288528,0.21348357469892323,0.4305347748960421,0.48982831682917904,0.29863003279973144,0.0703557459997465,0.18579246765178498,0.19720721687731482,0.3555721459008142,0.22011942669344126,0.2806712230493295,0.2645064682563522,0.45641604829174115,0.10722774681561681,0.6456590985239546,0.2839902306710017,0.31311837895521516,0.17849517976877147,0.5078268067817351,0.32012023677037194,0.20749916368240165,0.33687096630547303,0.17856939131040211,0.16070641110947592,0.22689300380138475,0.3379082608787373,0.47042033167777164,0.576159185276628,0.44146445593995765,0.13663338228467017,0.3956609108198471,0.0415763263958755,0.32221089758766336,0.0770017187410244,0.7306000559609125,0.24541006470062846,0.29603233819363645,0.22114415096428505,0.31794088878777876,0.17027458169075113,0.18345742393540232,0.47589928058244146,0.6276014805195015,0.3445866843182971,0.08132224836686507,0.5047813976632906,0.5263554911908765,0.3334031819832974,0.11133688503165204,0.5893396260129716,0.5265943570642116,0.011518524595844359,0.18231740806529934,0.2759099143694153,0.7150508856718905,0.48118789107188403,0.553635413406044,0.13630246300345983,0.24603002303617091,0.39091118553945065,0.6979253886243034,0.3878675909680279,0.3868502447278295,0.18767597082523488,0.31926808309568117,0.06010184413247753,0.1591903546154757,0.36264419826032235,0.21243852304175104,0.6464035381022868,0.1012564557518648,0.2495364301616973,0.7465183656051306,0.0717220386011406,0.49232165440756864,0.1744002772707354,0.3907184394483259,0.30797045071122103,0.14940802721099444,0.45131558645790254,0.3410360509361559,0.44629599123275443,0.48665940644221517,0.8256979377619281,0.411980162795965,0.27636847974523815,0.46293761729319066,0.32580308716406764,0.17862255374514896
R_00019,0.10661899486363796,0.43849622432435637,0.2606965757594399,0.4765090947923167,0.6554667051162903,0.38734825403426837,0.32535972521315265,0.2214261335075217,0.06468967647203186,0.1727178916551812,0.4112285178391815,0.3601481284568824,0.3770324343771852,0.32820562080168847,0.4026272252338452,0.31179007492670063,0.3970539540961606,0.47327472372783047,0.12823467991394707,0.30347730718817345,0.24088774552378792,0.48894201015861966,0.17681287805923612,0.5189352032146844,0.1209323300453017,0.4112789975540811,0.199057858422614,0.5179051341109783,0.25747690974409143,0.40928084201820025,0.2657772310084397,0.4558578504484914,0.06809040374108266,0.5237998713467487,0.33624437208344676,0.15692311142382112,0.12340280884292013,0.15439816318627753,0.08624777826264651,0.3577406430942535,0.16355750736951727,0.5768586167519761,0.6328511958481913,0.4753123622355736,0.09861660600079773,0.35814438150108097,0.49497138656754514,0.2818928419758792,0.2543624853165516,0.707538592861704,0.34384638178135873,0.368854434811434,0.3442897415211681,0.4581788789804213,0.16521888056575165,0.03738910653443753,0.4143339800399008,0.1391419454190206,0.35372627585061583,0.059010596860732005,0.23741861685259266,0.2002283807443916,0.28619622223401214,0.10040888013469015,0.0475710251457682,0.25534446705117236,0.20871568405392388,0.20702905226581472,0.5581750757582449,0.17554673447972044,0.7068227306985914,0.45252623351255905,0.23010653396340383,0.1018694991007736,0.2707948420535842,0.3469840075837047,0.26573224217594343,0.5041933794350839,0.4063793903537327,0.40106909374475036,0.4636765489440929,0.47507964398489355,0.17853080665572912,0.02779911171436722,0.3054922872125162,0.28679420673541534,0.5241866912160493,0.28449813064142193,0.33569892310768235,0.3674274981699139,0.20541194182427036,0.4357717781227295,0.38182288122738484,0.3535169444634021,0.26266684060084466,0.19594276401074928,0.11979168502291433,0.11455030547769968,0.6405628741970523,0.42326781546116427,0.3154609205351591,0.15899206171214897
R_00020,0.9367725846273846,0.9451583693213795,0.5903067872854941,0.6207794294506159,0.5291324089857188,0.30945920845292535,0.9226798492430655,0.8805539677015594,0.6765808851902291,0.8256498647715269,0.8659394975384651,0.5807910274890453,0.590592283641836,0.8312608093423373,0.5961685998394174,0.3619186555126685,0.9086504141652627,0.7448888587678296,0.786873775275244,0.7958448860608437,0.9132166520283135,0.84405531460241,0.6159321865791032,0.806884041479445,0.6647973525985774,0.9316921780541261,0.9088084412040043,0.7766656408777443,0.7292142392239533,0.7851568867654296,0.6579386239460497,0.8775826388140735,0.676234632475059,0.8408252676668747,0.7958357100770584,0.5174772004450082,0.6706216400788813,0.9727110305108131,0.6342421096405574,0.8759459556697461,0.9618303823630907,0.6731100996601967,0.8000010874278403,0.7725035525583234,0.7957635669097158,0.6034321536021172,0.8532056633419378,0.9059878573572285,0.6702006920315873,0.6283700845938996,0.7864818240873043,0.6968090850929207,0.7511399948563175,0.8321563047454565,0.9685861404931139,0.7423541256317511,0.8990868474927814,0.9595112542597862,0.6816620469492451,0.8118861246631058,0.6281600698779667,0.7626326920317631,0.9054209852271166,0.6945883300256966,0.6658953870929235,0.8786476160738317,0.7543580359946406,0.8263054471408169,0.6893646709073834,0.5869120666251557,0.5611400703489483,0.36703452103618606,0.5449073234327494,0.7783265388985042,0.7010428553140889,0.9197507087755008,0.7011180646398663,0.80824653255813,0.7116259988030182,0.7434460915961342,0.51796448674514,0.3886515056337654,0.8603633325167177,0.9193613864822691,0.7625259177112966,0.6362403160961498,0.42534964849525375,0.759339597884963,0.9111978624634031,0.7622781098897335,0.8523541236501292,0.7197250971266865,0.47881419817607546,0.9675936366764258,0.874655393711581,0.4261464302592897,0.38789245036786696,0.9254710328351193,0.7708648559753735,0.5278780038192714,0.7369351018643471,0.15643645011062593
R_00021,0.8232392050487561,0.9227803134944931,0.4668767453019841,0.7900841951538458,0.33627210143224945,0.7690244653246844,0.8519616035060217,0.5995141935982656,0.6369122808746845,0.5248974385229306,0.8266364176946889,0.8163736382506666,0.8076116862020002,0.8588998726697341,0.8949604382422771,0.48179681289965276,0.8181032439864224,0.33398995342077786,0.8282443496140993,0.7114023426842162,0.8297153890317135,0.558206442083475,0.7247518801708801,0.8409115164234802,0.8430417566202599,0.8190175757681746,0.9287040449862799,0.5826213687074655,0.7026093556288486,0.629715169601932,0.32013048220702484,0.8901996638535005,0.6526855408129053,0.6197204334350593,0.8227334424757757,0.6234173607752023,0.683505494835942,0.7209095223636957,0.9323724227919651,0.593892117339741,0.6804626391236003,0.7690053232812132,0.475584306368932,0.7589391718465057,0.6982150339102268,0.8598000647407733,0.4501568218240168,0.6545046008185013,0.6089917079442744,0.8743421910508056,0.6667276928692609,0.633362288527626,0.8517491966655718,0.8853687962652531,0.827343274212935,0.8090210270304468,0.6411483024587306,0.6775591029419356,0.848938272474342,0.7353812853325213,0.6993199125545647,0.8083546957230663,0.7323728163135425,0.7919245663587128,0.5755658565630196,0.7097566998180525,0.8057748051249307,0.5825002096032885,0.791299290580742,0.8433011170955801,0.5906456608889165,0.7618433321991152,0.49962770607424223,0.6956982570500385,0.7914902940325479,0.6918021505642935,0.9323885191281424,0.810872750789775,0.6378496390913841,0.44036295622146265,0.8460955382400867,0.8562495542970774,0.885048974028981,0.9192013651970519,0.6867514336338477,0.7116497241431545,0.7772898452939587,0.7846585220359353,0.5495169489864956,0.8059832384408223,0.8599066990967149,0.6094153863926994,0.7180710917186027,0.685909136103263,0.6865438841296654,0.7424284639081026,0.618306698513779,0.6437803171724358,0.8433009897578555,0.7737005420400043,0.7202160296642919,0.13759249804997242
R_00022,0.5244853842647283,0.7784857750274774,0.8688754501819137,0.8492678209964305,0.9116259091173406,0.7107443891487281,0.5277358852122571,0.6727595650327429,0.8699073384756827,0.5468286577940821,0.43301866228370456,0.3814800935542159,0.8681846947192423,0.9224917821578116,0.4243373202274325,0.6523227482268332,0.6145853236134259,0.6738100211826271,0.8978331958584548,0.8640326144606226,0.6769470715628962,0.7138949321730538,0.6692965985939058,0.6589305604023327,0.7011226653488001,0.5347207021725588,0.6335928786965989,0.7659040217970134,0.7191725221714523,0.9311033792335712,0.8735198670488924,0.6297413036115537,0.4733664362859505,0.4157230690181819,0.5462853175377349,0.6078360966188987,0.7110350656316053,0.4316863748440984,0.2693522042851536,0.6981114998302375,0.9642900506151912,0.906282277580916,0.7502534683839466,0.7295612557650792,0.7940327723960992,0.5150193381521424,0.6140583074966192,0.7360031495323575,0.7599572908495745,0.6700904959036073,0.7661202278373992,0.7019903535553242,0.8747247525650258,0.43839333901122246,0.7100046999939288,0.3686893819232428,0.8419126516056836,0.6101019402734515,0.750551993266775,0.502679562950222,0.9160710968488393,0.8213311717432553,0.7001564738061862,0.4327853081465846,0.9084518974915897,0.4542680319642043,0.8038786104816724,0.5190254513733507,0.8660271366475896,0.867520557795052,0.8000885160157764,0.8073048129191325,0.7805208960379504,0.4900036844767379,0.63662332140766,0.8226470210365967,0.5434005643978004,0.6668502770938106,0.8211864516410167,0.8001985363323327,0.9779813174735554,0.6117357082539326,0.8274925057845777,0.45082556121991213,0.7048942959241973,0.5968274353402954,0.9010137879197976,0.49297970602327207,0.86052264103224,0.9116727697332977,0.674782933742471,0.9587056849183236,0.8871024821908372,0.7659700437225774,0.7039435566205919,0.8487540495397298,0.8374207950883806,0.6491735905173847,0.47149062782517065,0.8484794254599709,0.700989812440457,0.162888038098343
R_00023,0.3368737314060247,0.8355404497727231,0.5191149685843228,0.9500221103901489,0.49212213980173,0.518803625176584,0.7808391089530325,0.6726711246930162,0.8103673773752439,0.9134309831719608,0.9172170157429,0.6831614206801502,0.907708138378084,0.7270618740070887,0.9479559617135891,0.4749160460302512,0.5146031644604602,0.23686639284663888,0.5706489603104871,0.4626877976745102,0.6587668687624418,0.7018209294633498,0.8944042694153237,0.5605977792264407,0.8702879672730345,0.8787441165844754,0.7609208443026148,0.5725584787013986,0.7989614349751041,0.5816748410501998,0.6702836987399049,0.8494537618437108,0.7436544329444339,0.3132883763218058,0.7809146788275318,0.24694634229153264,0.5253236406396156,0.6696130439924742,0.8029044282955133,0.8842162343913591,0.7995527631665034,0.9343422505341576,0.8281170066452376,0.40602591107794866,0.9206895205400663,0.4028345851532817,0.6902392624967846,0.6006396273683435,0.925731553442004,0.6289756185941412,0.6969324865381159,0.707479319980849,0.8834149805634657,0.4105811625343418,0.7217118674483612,0.7160444789720399,0.8619861027329382,0.6839560843912886,0.5261141769802563,0.6338110223394574,0.7815032801896226,0.8785322468291787,0.3407887349830195,0.569326274795601,0.8238242504623927,0.8537496644839445,0.8564766278106191,0.8917184325881254,0.4698066222101595,0.7978678475598334,0.7388982681979575,0.6097243446558377,0.6486219996868844,0.9273143473667323,0.8690627815073813,0.3416711342738923,0.5433039077258042,0.7564563603680884,0.9427056871631335,0.7321822053711137,0.5837783702226507,0.7180671196957288,0.7873185008981257,0.9147141513990579,0.9653888077195524,0.9160005013310532,0.749814256508512,0.8798860971044198,0.8029206491599321,0.7174826476328613,0.9573035453647452,0.6612169612643406,0.6658919267956847,0.8961028141982562,0.9497622959849118,0.61156424708319,0.5663780159060494,0.9510954055054979,0.6204349334592846,0.6339025069016635,0.7093968711307567,0.1798518799645496
R_00024,0.9084733898959966,0.5995552180300865,0.3807369133852513,0.6279827544694939,0.5583256979424033,0.6291676495842258,0.755086626956371,0.8718392759704591,0.8577247944204688,0.5560158048774763,0.7008741710093037,0.4623243628453901,0.7639085898247954,0.5687491550041925,0.8194309994773459,0.5004104853469379,0.7840956758899257,0.8738948097387657,0.8585428666489172,0.9261389602127456,0.6698730521458806,0.5834325998885128,0.7817265277924184,0.4036133380814803,0.7147965500854258,0.7952326691218228,0.8059511357907849,0.6757802411663925,0.5429813617205342,0.43456666337398553,0.7972886527748784,0.7095719291625755,0.5979809717554301,0.8098975962668727,0.8277384285444782,0.4158248765987377,0.6824313518641634,0.7275874136551365,0.7914295491993812,0.6437264308809462,0.356891303316715,0.891295984365198,0.9338211655174741,0.7712939777798311,0.6344045774628021,0.7522760875085076,0.8372302171301595,0.8136825299299103,0.9891686675473782,0.7587135210787499,0.6893242981326847,0.8171067471673285,0.8030396541113342,0.9407247229107917,0.3999435137188759,0.9230475736451607,0.5695865260304472,0.8970741758288,0.9871997631387334,0.8942778916587913,0.5223211113721278,0.8555983163552323,0.719353730600856,0.6903942320166828,0.5999521476334085,0.7850920808050106,0.7381903384952188,0.9332264656617023,0.6445408307454277,0.683567901878617,0.6115243840433351,0.5196515117930486,0.8323945796812626,0.7941798901770857,0.7302924064124711,0.551131553357286,0.944762930262501,0.4927577752257274,0.7135642210913898,0.31750543626350547,0.7946583053235666,0.7345933254201727,0.7833710471264531,0.7034571007343803,0.9156048928841324,0.6976781615648621,0.6083575928069606,0.8563621351003012,0.46248325654327455,0.48103980631698473,0.7252698438228437,0.9018145034057328,0.7263023875976388,0.6400780948540713,0.5773589759411342,0.8599206372404261,0.751330844120721,0.5266895550866169,0.9646840339630702,0.8771445883926051,0.713430133714979,0.1577834300929584
R_00025,0.9593653470103471,0.7278085164998406,0.907306299143731,0.8996146734082305,0.8212636402616911,0.8451840830621055,0.6577681880457968,0.5937373316850854,0.5423175183657234,0.7071273541927598,0.7398009404090158,0.5923043393156928,0.8389722786654441,0.6425184445255505,0.6194662674390918,0.5439642467976434,0.5367519714215602,0.8105711926109441,0.547301938089226,0.849745038753816,0.8642151723265729,0.880149137660874,0.8679549196890305,0.7885448838344643,0.8446934744088206,0.44813659550354956,0.8181473373133548,0.544614452271814,0.6795281376368328,0.5042325739590325,0.8977830174701477,0.776790253332728,0.6693432076784454,0.7269498699641744,0.6688991006203742,0.9313506645686818,0.7034477938623994,0.8627959009260628,0.666372277062574,0.6498764763642881,0.624000415716508,0.7759381763133805,0.8551451635077688,0.642970293289147,0.6912971833833308,0.6389502002132686,0.5200161001503208,0.7113923509184874,0.7525962950220509,0.6053579029574718,0.9491298757726819,0.637468060478308,0.3446892345932914,0.8193341092633922,0.6033569866727345,0.7138897175871495,0.5525318468491194,0.8157701342562675,0.5105281890223055,0.5541812856500375,0.663492996226591,0.5734547821482493,0.6078227637660224,0.9101365863723329,0.9132143908264452,0.7349137640783857,0.421479444897533,0.739678408030956,0.6209167234617833,0.814202824698157,0.962594151178873,0.7885769220473418,0.44516490976888634,0.6325374498724272,0.5120579184645202,0.4277944061307466,0.5342886685681638,0.46403973321384034,0.8154151489475527,0.656495630910193,0.6842535001024898,0.8952996482991977,0.8339380018295941,0.899024194429758,0.6367500615410524,0.8167822322023007,0.9402431577045873,0.4883109537105677,0.6993619186586953,0.9398364758843197,0.8053486453426381,0.9374821840592338,0.45293896782691395,0.7906129341887302,0.6887988054975418,0.563480441568223,0.8308183281599532,0.8691753070200591,0.7419751688340889,0.5981074806051709,0.7084607440884864,0.14859920103864485
R_00026,0.44062567392401775,0.6185548198262699,0.9212222615558069,0.8773332968387426,0.5400726861771961,0.9236260883023107,0.5032811314717207,0.870242902127596,0.7476520678457543,0.32683448750496286,0.7275434994644159,0.8386985515141646,0.739715356052777,0.8688352957751139,0.9353814421839746,0.9014475132080599,0.38407102102520985,0.6395612834992199,0.9575047718598727,0.535526094688004,0.6938762961819844,0.5759061807211229,0.6898978876511634,0.43397832905723066,0.9439826034718893,0.7100632572967095,0.8938146972287624,0.6910091005860861,0.6223913665183746,0.8208253556226036,0.7191689698565751,0.8099068756283623,0.9536833617071714,0.8690966075584174,0.7980266060027392,0.6153880420353846,0.6376928383626119,0.9247733178668158,0.8594841150036522,0.8173302639317609,0.8007250421433351,0.8077041829491011,0.6104937395773041,0.8625940918034333,0.6927062111847746,0.7951404038565671,0.8442941169243524,0.4703060398623666,0.7475253519436406,0.4149523104602621,0.8736871688267906,0.7301471393568583,0.7116791962308353,0.616084321981653,0.6522528275955598,0.5970276598070542,0.9601052257096369,0.8405326924031643,0.8006474228074884,0.3525905357179388,0.2808175359548273,0.7597453080700042,0.47358224758679324,0.731715160182395,0.8508571710257031,0.6040028296052522,0.8508995672188068,0.7485413072667456,0.9396986853468571,0.9361666777976407,0.6136988485093859,0.6266697267573537,0.5411188074285053,0.523371543528628,0.5376794470988866,0.9592580275679159,0.4242840715514482,0.7179534789793685,0.9250324771443876,0.8446425367456004,0.7428574376395228,0.7133618886894465,0.8510472591078758,0.38848135167859943,0.44807380995656126,0.8150082776859351,0.8449121476801388,0.728575484266622,0.4822491939881788,0.5629608544120029,0.7060679914279646,0.7818268533246188,0.9070115116918849,0.45915917026154296,0.6558150057241425,0.7007457716127228,0.5296822056539833,0.6452696576082149,0.6283981212706148,0.8614824165616709,0.7090194386388546,0.16904174900691457
R_00027,0.7279315706918583,0.9310274438835012,0.6033398430848309,0.9298689102429244,0.6147824241007431,0.9375011941110128,0.4159571803767182,0.6319596487535026,0.848787560503918,0.9134511870450713,0.8623219811538537,0.8594770083279453,0.6380347766110308,0.8598021464350952,0.70014920664937,0.826275958223876,0.8365164677442943,0.8995114609026383,0.776998574821242,0.4963185860767997,0.9304160977118285,0.6627841874460353,0.9042387514362763,0.8378857432688429,0.6309281434882668,0.7692822269847057,0.8697112090458033,0.5871479360900681,0.7990170924067685,0.7607559350498103,0.9177138397854756,0.5747259478571357,0.6749131049727418,0.9133612864459238,0.6687981275065275,0.8737250399745563,0.22517465183829533,0.568256536878222,0.7899951489527334,0.5914097603621442,0.5254724887601109,0.5284196467793522,0.3521364537006892,0.8697194309532035,0.7234990135238223,0.6296117673957897,0.8966760558567878,0.6736110027263896,0.5993378367229175,0.7383273026853228,0.48763717685500524,0.8448405738686022,0.6695070240225586,0.6739702155498227,0.8599513399465046,0.5266478877537065,0.5277345358676835,0.5646739988168068,0.6053137898129087,0.4136806837112653,0.7386669279243647,0.8310528855100316,0.6663675785641494,0.6899221272121436,0.8351101816716203,0.7203900961228914,0.6697753672907417,0.7302548900017714,0.41715069504646896,0.5867750055662757,0.9443803544300517,0.7388400265238005,0.9754802211169963,0.7378003925708265,0.9216422537490969,0.8415038397888102,0.6971540265098009,0.8740527092485029,0.7406948054094199,0.5966909760010198,0.9643554819941854,0.6764045104455527,0.6324444830439614,0.6833558597204464,0.6767167706604362,0.9507076270192834,0.6422352809204185,0.8624574933813725,0.7292427940544723,0.7318117597353362,0.7768169870338018,0.9368012859564919,0.920063150944744,0.48310735010098793,0.6380776928003088,0.898698281749918,0.7223431772618222,0.897244622531202,0.5188633418938495,0.7612748547166942,0.7262775028877567,0.15520461903687727
R_00028,0.9732539430365049,0.7390219857549011,0.4135122241324322,0.6410054265546282,0.9200671142296765,0.7752765201751489,0.9773850174895886,0.7649083839945356,0.8840333905164617,0.7077930759411631,0.8013416663321634,0.6936129205642831,0.335960588580031,0.7761865306468693,0.5971864109637562,0.6867334663150437,0.8941952724877653,0.6353177593308423,0.9312445744092045,0.8056716930285798,0.8126135448484231,0.7228845498556585,0.4253296208424915,0.3173233842376371,0.7548681642400605,0.785419409405139,0.7949644152995304,0.8378560402852363,0.8793870804407176,0.6905417912482016,0.8615808412111695,0.6411540878033385,0.902326807598478,0.4664226849791275,0.7660359176877152,0.6995620531347563,0.9159340747551779,0.7915555308595887,0.8393030488204313,0.7473182243911491,0.8358623450719002,0.7692622219284868,0.6897310073201195,0.8605241175515493,0.6264123182747093,0.8337579948645563,0.7651694812065808,0.6853192700681613,0.8483604889845713,0.4962581313584938,0.661735336726949,0.721961164455064,0.3672418376447249,0.5160964808056314,0.6343659562933105,0.843870839188541,0.6026780359553167,0.8471075835761065,0.6004112116202371,0.6228652773183112,0.37007934871437087,0.4131466504595086,0.6509472575011689,0.9554976350531595,0.6661254265950742,0.8211119181285731,0.785826627321144,0.47475726056578677,0.7845358980946149,0.8916155971485874,0.6454647485866385,0.648939500467094,0.8143962343557035,0.7551854742511067,0.46613030839076186,0.9207821224865244,0.44132877047589225,0.43555062039176834,0.8908337793567266,0.9358837736782447,0.7102663889700731,0.6896421672853065,0.8706232277497138,0.5458048719903502,0.7259190504804993,0.6917505075103795,0.6834289390444309,0.3825833737742087,0.5638452027681801,0.5510401136735297,0.9714348956726601,0.6406849054481378,0.6921333096750667,0.8284887591515715,0.8440009910505821,0.7122474246197135,0.675327634500655,0.8756990361339426,0.6842070825468864,0.9747053181275181,0.7151705248883676,0.16101550654359523
R_00029,0.7241054021005917,0.6659982840081119,0.6623241214331297,0.7730566834861259,0.8560336242358311,0.7521071148921203,0.6414421207897736,0.8325042557276804,0.7159460335707469,0.624474570661439,0.9366469385780106,0.6562876693552512,0.8978972974580439,0.8331412503851786,0.6819337162549143,0.7141340335165783,0.458454684652992,0.7339075790484708,0.8189151584259696,0.4483735278923984,0.7224844502992048,0.8456852954317066,0.7359166814639698,0.5988354421802001,0.6635436706561405,0.8348022179006046,0.7017040940667896,0.601719131696464,0.4823998435515626,0.6726428300521786,0.7284733421728594,0.5623410463557712,0.5424405832290338,0.661576997972768,0.7929632399156229,0.636297367572115,0.5335604179063641,0.6861211618428126,0.6640054096300598,0.8940839785523889,0.7243734940868896,0.5707199564771882,0.817087833719946,0.8162698127983924,0.4650254150310168,0.8677057269785698,0.7627148852050808,0.565448693400344,0.7813488958462935,0.7332601562095762,0.6989205846483003,0.7346465495586433,0.7378273399806158,0.8043475412758753,0.400070587945578,0.723908570518588,0.6597962360194847,0.7101574268727103,0.6403867640843608,0.733666409937551,0.7703029493617521,0.6349931787555814,0.8268776196657013,0.4661531741910873,0.48024652538556545,0.3836570982476994,0.8319213499202064,0.8082609051769496,0.48636178503679134,0.8206995955594781,0.8423203722921414,0.5339949917196909,0.6296350233936544,0.8924635227713436,0.940583066954456,0.5667863200083179,0.6621983841425126,0.7805489789523984,0.6348999763130491,0.85500959189023,0.8395224116889124,0.903948801709016,0.7823266094427263,0.9323828727940033,0.7110774335048899,0.9361700436466913,0.8468611135306459,0.8816162096582462,0.8081104217088203,0.45350135738623937,0.680526816686899,0.9449646526977716,0.663709831837397,0.9140909015592213,0.7619654231337373,0.838473124195491,0.34889782156750837,0.7272622694981941,0.5827014196775394,0.8791669892169048,0.7122215508439639,0.13887065525118147
R_00030,0.7359213986632963,0.8379576914506552,0.7045991850647487,0.7107918920871893,0.9142920995705122,0.7462935478614565,0.566036770522279,0.65736675222867,0.4771018328162759,0.3314007973772519,0.9823832963932678,0.8493668239437452,0.764703299261708,0.7026192049506222,0.8021710253646093,0.9814968523086985,0.8597865514044362,0.713619270909366,0.5534855541026691,0.4060937512267972,0.6614384665142734,0.8308334491722483,0.7120483895264925,0.801691414667936,0.5679299616897531,0.9603387094232824,0.5502571407406421,0.8325496480201955,0.8364126977147939,0.7784712553225114,0.6226691259865581,0.8770668732331006,0.8303701993044625,0.5039261820391313,0.505664544860673,0.6079600534818003,0.8775382469153604,0.6977581650292289,0.7146885306151237,0.9276705673048876,0.6317777628736333,0.8754142909981207,0.6938470485226645,0.9237743087483106,0.6966253852449176,0.863801858572598,0.758579561514603,0.939570260428404,0.728032856925209,0.8090803196650643,0.4147507041679794,0.6786388625124132,0.7470835980171746,0.7875432547310772,0.6880010271310919,0.7565593132318926,0.6760532504372166,0.49607513529711866,0.42798430147464206,0.8254576774867786,0.42221483242540314,0.9793627055880142,0.7512062775260908,0.5802436810543159,0.9101927202369788,0.7374902355697337,0.9504471253989338,0.5072328899599973,0.5840378417247014,0.6890983102839848,0.8597188154323583,0.8750339376015716,0.7238371743268325,0.410129081507611,0.5317331111938671,0.7707113795241521,0.8810988244289893,0.6832940041660378,0.889867304129094,0.8020670123807929,0.593662853544142,0.762897657723085,0.5978945541447874,0.6279369456367543,0.6039607385095593,0.9345571244972094,0.6952446400555334,0.85055310994409,0.4954957555242109,0.8664467654544551,0.9354992588346455,0.6366193249005153,0.326975260155426,0.941037843367133,0.43961932842538104,0.8573585170832803,0.9097087179266655,0.8587396074255381,0.7378093361936267,0.7030326321972286,0.7232748923305432,0.15986481957562956
R_00031,0.8633374591013412,0.505494914709618,0.8136289231484495,0.8944417974222306,0.6128792843535672,0.6360228383085352,0.7355749239949279,0.8068302189193005,0.5975839871285504,0.8496144597760037,0.609610101904232,0.929196306722197,0.7410652848076338,0.26065366746781293,0.42586541021358837,0.8003847065344188,0.6992328701003726,0.6691480285362098,0.6046661592566429,0.833226871613326,0.4422024141171863,0.8747636205456611,0.41213118484974526,0.5125534251904053,0.8106638358585138,0.5374179926448144,0.9359152708642954,0.8480369267007254,0.8939686919385343,0.45928815096801007,0.658056326533806,0.8790015366855325,0.4503437242052692,0.6308909205608112,0.7426114588789249,0.3952548405615041,0.44984638875354555,0.9536492769738096,0.8760467739025505,0.5343366216638057,0.8468185094554099,0.887801268397867,0.5859990742820501,0.8629737901635463,0.8776426808309633,0.45906140126820777,0.8072138143049451,0.6928373871010559,0.8314544817243118,0.6452141450998115,0.9344643501054064,0.8069945508611466,0.6464059763178379,0.6100832675088952,0.7384030218585409,0.9691833531759521,0.7248423549523452,0.8679375976655676,0.847598707763885,0.6071123685040705,0.8904311932122556,0.8641415853328336,0.5889919279965943,0.36161420779142317,0.8459772928570014,0.7766681664265179,0.7434056118732842,0.8786585141050711,0.7538358107109758,0.8542465560815674,0.717454965618847,0.7518697796046561,0.6653105456526729,0.848245703127532,0.6617697968439727,0.642818833770779,0.6203525763313802,0.7628061610710338,0.6646170107762336,0.322371823869722,0.8652499714719595,0.8475180442250034,0.5458682414054988,0.6734439338115737,0.5483997991080203,0.8321153036193343,0.7573216755302026,0.916058373045833,0.4666320699906193,0.6185000354141416,0.7039544076800373,0.5874549909319734,0.8565810074299702,0.7361524688808357,0.49244148514349306,0.9564576375636785,0.6399038093920664,0.9667555033452677,0.41847873076012676,0.7093411795986388,0.7078969642916085,0.16613430689736322
R_00032,0.8828311551197981,0.5990882992990383,0.5495779279881243,0.5850747852283488,0.6395218609864246,0.7389712744681639,0.5895968028738003,0.7770734697549607,0.8296689699248428,0.7263809498719482,0.3466191869741286,0.713989806685605,0.7769860752147048,0.6114577574355061,0.6602421732208341,0.7453807236437474,0.4119604519084554,0.8304811841329627,0.8343043167199008,0.9004360460921207,0.5778438682202224,0.5952589295080435,0.8017906319088612,0.816234151566841,0.7012326244119745,0.6111911999675351,0.7609700760065103,0.6968681531708162,0.5199025843616045,0.8238494334274113,0.6783596238924113,0.8195042845162251,0.6743358675168132,0.8639480280836571,0.7877251890935896,0.8273999086139543,0.7288126901854679,0.3850731720393361,0.4909820962812264,0.6853594239190202,0.8429379599380512,0.40957325042540943,0.5767333831097944,0.7011199791146383,0.3651642327983481,0.2836875404201298,0.5653758896406871,0.708911149094205,0.7597236045385204,0.8032223931827642,0.577848550700167,0.818390101358892,0.7882495783935847,0.6709447624607491,0.7255300008201429,0.7454434082736902,0.7716126293836979,0.5529327849933351,0.7288504652010934,0.6072411191389159,0.7855051244562523,0.5793067844649971,0.8811656804891926,0.9217173286741965,0.6814104802007349,0.25669845217056025,0.627973799372286,0.34971230447854146,0.8330247506978835,0.7883859554291204,0.7751400466950996,0.6987412862768937,0.7547602156642862,0.7982678132223929,0.6158249017736589,0.7062182204454653,0.7987504684400564,0.8318120392326334,0.9014377895594575,0.9180597094991876,0.7533924299565317,0.8375745757404452,0.5627607824771983,0.9460696913430826,0.5698418917402971,0.9299983344661538,0.6451121223803921,0.6645001707978212,0.7730379844465969,0.926954021002463,0.6433451399942358,0.7896073321609581,0.783180027117943,0.5837048561748558,0.6403344583773964,0.8032585627285785,0.628354151907118,0.1567432236229628,0.9712756393943318,0.8971276250235255,0.6960986410931754,0.1593280976607029
R_00033,0.7958122822769393,0.8134479377350324,0.35232854343860465,0.5749232888825405,0.8720217687627946,0.516165857559065,0.4631331211155766,0.624976684805057,0.7752328992954195,0.6755529544103301,0.7546726428578304,0.6747689653347596,0.9231948443827387,0.4409747839255383,0.7521833524001118,0.8448604662925482,0.554305857454502,0.827693334283516,0.556259304893906,0.9671488000430232,0.6833472689479072,0.420549177576366,0.6807189865085602,0.771933309207774,0.7652615780942122,0.9268443001363376,0.9406457536038689,0.7779288527045822,0.6590406236955682,0.6730390501990648,0.741513873920318,0.8124378587110684,0.7519541529056063,0.9589134525835996,0.6491359225174408,0.8010654118722692,0.6379782659961413,0.7504781798270856,0.5097349159158887,0.8724913106519022,0.5174137429839691,0.4803948274393524,0.7396532056900751,0.9527331734809543,0.6858313419493894,0.8474219919104323,0.8580489032404993,0.9221794219880702,0.6087163474556493,0.5093069753445423,0.5596178875772365,0.6355249886120152,0.708021292645653,0.9030218742229259,0.9416014174793256,0.7310457923231657,0.45097033598421826,0.7030346812662185,0.4534429930041885,0.9001668846345945,0.5822038080346992,0.7378819476959108,0.7464605153017144,0.5912922116393637,0.7050137788460221,0.9003299998620252,0.6291566595459389,0.6253095559866554,0.7501497423597507,0.9688944936497715,0.78500176558356,0.7881308945051259,0.7915213118628361,0.768708917344413,0.8491522735908187,0.6450634886850543,0.4699499586688355,0.8700099031682156,0.7228930428420781,0.7905681211916507,0.7061905231578073,0.6666298964760147,0.7081116395195585,0.7973620745574922,0.5259759425840148,0.9300111431256384,0.8861582035626506,0.6544742800151643,0.890731293290754,0.6166917271104492,0.7596065803180072,0.6493440609711973,0.6427290316631735,0.8332787956229647,0.826052583629834,0.8999497275589652,0.5365582575112592,0.9784376467671845,0.6448501119881673,0.5400367308600795,0.7206369065561268,0.14698261606740154
R_00034,0.49639187118766215,0.7697805614758617,0.7817273096712453,0.8060401028273185,0.7852734151992241,0.6456647299270909,0.8724598199459088,0.5831130279953531,0.9559253925255847,0.3811089850198609,0.97144170931316,0.8923436098986918,0.8929611742575323,0.9228224011377578,0.834558814395337,0.7167685066034409,0.7812610705861144,0.5989093475137015,0.7282012314372883,0.8091687045282495,0.35399465676613645,0.8055113211261968,0.7374250972490758,0.7973084744388562,0.8065539939134694,0.7634594382056329,0.8909601389685337,0.5457220792024893,0.30360481911203047,0.34766183264989703,0.45693045686806044,0.8306448340544642,0.7761563679058255,0.955166810806949,0.7650117194475058,0.869467663195614,0.7131133596289572,0.1499921542938694,0.7021521804677339,0.6423996976027906,0.7098612768334603,0.8328934855431833,0.27297506540984356,0.8149862948512244,0.8534001676597535,0.7562429004331105,0.7627544673142586,0.7889125183249288,0.8984004566479213,0.9629321234541298,0.629403113612683,0.9529397125681446,0.39733883732172937,0.6942039383413025,0.7606149951570647,0.7476252555987828,0.7689410532589204,0.9245388363138144,0.8557253302166355,0.8725001676980941,0.8502005084230789,0.7433816321568033,0.6440741804517791,0.8939164772913237,0.8690613062510738,0.7000000538688492,0.8502538942048739,0.814064121787772,0.8856787811564147,0.9525326321944624,0.5590027362562359,0.6632201992150689,0.680730646300562,0.5711251597983753,0.5236827641155262,0.9460332537483706,0.8350066628116262,0.5059822897924946,0.8060813193293083,0.6852349854748789,0.6198264744496991,0.7536185145240233,0.811342793037088,0.6913406232994465,0.5504082989263767,0.8213885182136929,0.4314236896710272,0.847637171987105,0.8180415252819614,0.8161394426495886,0.6316708497785696,0.5848647884655748,0.6384070869498799,0.7036507169420128,0.5964289242271406,0.8707432898727816,0.6684180725939457,0.6755232187191781,0.7723145846549535,0.7823715175068112,0.727611725842892,0.16599018248516748
R_00035,0.9318869244814993,0.6498608532118652,0.9269899070232628,0.8224267570029935,0.8760637244057361,0.6529865022441679,0.7022714821478945,0.7372264783955443,0.7877307436593671,0.7131685165006342,0.8003301429106342,0.4259199310962417,0.8625563297959795,0.65888876544583,0.5061828712701892,0.9078032151382243,0.8031996556137185,0.740104353239475,0.6999895966983697,0.7058156803738072,0.6366745427269711,0.7863436967899948,0.6495203322274398,0.53165934841501,0.8668346450539322,0.8786274824602934,0.8353639354941971,0.628239193576483,0.6742243985557254,0.8765254623728972,0.4677127671356716,0.5040481935818226,0.8153201342959601,0.9157761978093859,0.9490421758827594,0.9358964277747062,0.8228380129585278,0.8313131108752345,0.5532507502480528,0.980131060135975,0.8022385153551032,0.6906382583619605,0.6604273424869153,0.3918885159128718,0.8508146936092602,0.8347645969087001,0.8192721656539567,0.4128594242559048,0.662615559950991,0.9220050945678422,0.8444907474287945,0.7975482991895998,0.3962890616782669,0.5837029966172009,0.7449458603851277,0.33408035993229446,0.5751342569929072,0.300953072836283,0.825574996331281,0.9687177553833627,0.7843131473368165,0.6704737006872276,0.7156189679798934,0.8947150241229215,0.9369549148803888,0.6030280211215602,0.817175736725922,0.4613167584144759,0.723763041467648,0.8227378246635934,0.8730870281462204,0.5136270349316259,0.8530380440669756,0.6960238630783051,0.7459015754971081,0.4422646560278753,0.871152839450277,0.7130591456549463,0.6948883465856326,0.6309549667569586,0.6618838399931833,0.5885291677857842,0.5807915037571033,0.7079803817418788,0.6534432213673251,0.8312295196943227,0.5183483189125836,0.7917396981818567,0.898641058213625,0.48648221359475396,0.7437445044778882,0.7870313193442814,0.7876188258641861,0.7575922446781796,0.5717344288551209,0.5515993150845648,0.7845390562225621,0.5493986859668889,0.5358490776558643,0.7147577732066227,0.7143673466506005,0.1555526350339137
R_00036,0.8884757925859196,0.463996825969286,0.636123852657642,0.7171240261470619,0.8729025100546202,0.6205417566143945,0.6321251912750383,0.7844353973598728,0.9219517808042055,0.9228126418647045,0.6959937886032558,0.7102188994293394,0.8270100405555242,0.5977499145462719,0.7832245909133209,0.8456025627272016,0.7893613372838717,0.8874784995599087,0.9761541879475293,0.7867548665990822,0.5519949752657085,0.8896375261747212,0.6535807119275356,0.6481205154979509,0.7113034971299395,0.20686445844444082,0.8610586773627494,0.8821525029895145,0.785006604837432,0.9673018626187343,0.7608216871853417,0.905445898362632,0.9169858182846774,0.8806264549391867,0.7508107772615085,0.5257362640664313,0.8867378253170274,0.6966860759386002,0.6984463256489151,0.4560278658732633,0.49435123019696453,0.6740640796210413,0.9130911200759643,0.9396665057876223,0.599975836077396,0.7636346497760391,0.7570598201452147,0.7399042147028443,0.7915474652226453,0.9007652697000489,0.7862638552063129,0.38680427904546155,0.8697380203090798,0.8849329537413688,0.6962665343547021,0.9243687629782458,0.6772858321917639,0.7174493858573572,0.7953274123424575,0.8154797753300389,0.8826475240071795,0.9140082177970427,0.8106278114613671,0.6163930100788544,0.939629314019016,0.38837916489117535,0.8871252267045421,0.5805112944253923,0.8149964094807632,0.48818694932798834,0.6315790749860709,0.586358260124339,0.5070961753581122,0.39033935969220235,0.43294420461416006,0.6231080322387856,0.7783661450586387,0.6911369544941321,0.9817860715455177,0.5803141272580279,0.6996047288113858,0.7689617233551704,0.6598808828464077,0.4696779454123895,0.8657544538020261,0.884047660225657,0.663887306291221,0.5978228269797332,0.635495933272984,0.4190433118576535,0.6139550027929288,0.7288980879446504,0.43966129198622644,0.6747612055700267,0.769413018864321,0.795980814808799,0.8898113508133212,0.6897669942658526,0.7162238783978826,0.5585736010039154,0.721901171381528,0.16060616876260436
R_00037,0.9124335933880648,0.3996770442374401,0.8037374993851163,0.4576056732351125,0.677003112849869,0.7943876536434334,0.8736968866529611,0.7659503130530431,0.7762259049883521,0.507812087166151,0.5221974597912438,0.8621502804365907,0.9313010036293444,0.7101535316507207,0.7050955235997978,0.8617245780028205,0.5863737883175265,0.6400995397572548,0.9110216723966991,0.8242597101328907,0.9613921802226123,0.5596506094061567,0.6860398763059535,0.9551931389563973,0.846928736511346,0.8836062135656705,0.819452410202471,0.5519112451803009,0.8824801785403931,0.9015990539123766,0.826708555271527,0.8941736061365142,0.7461541823638621,0.6417913219989673,0.62583381531221,0.602269023632224,0.6403301750258491,0.6097985349654081,0.9194404775011382,0.7026736651506147,0.9433441569754888,0.8648056344731203,0.507081656734037,0.7233499584186934,0.4625760385541914,0.4254660150349711,0.9939903519629142,0.8644731375995948,0.7594719993148652,0.7357295308370936,0.5674605248644703,0.7211727527436824,0.8693421130947919,0.9309520359565019,0.6535692597893037,0.6715012989418747,0.6087865112669814,0.37841646529195383,0.767992200239152,0.6788777067267456,0.7222214971981615,0.7206485578587092,0.574184982750139,0.7769735713868132,0.5397022975391832,0.7443478265195653,0.5738147359209068,0.4809287085821738,0.5639620026492543,0.3225910510419806,0.7652295739399143,0.8714919728337511,0.7473544113828624,0.92909402254942,0.8586798331100357,0.5894012479595185,0.4220497234755982,0.40637508374195497,0.9220503227833006,0.6924270538929237,0.7746657233985179,0.6978526884744214,0.7567933061985676,0.43449803121611225,0.49218888671710365,0.6989113902015779,0.5084991078909377,0.7776710538985382,0.5935612632245254,0.44608021911942913,0.7689866927065011,0.5926347650353921,0.5175309444199534,0.6823874036401292,0.8955734150742678,0.7384997231684801,0.4807311181550515,0.8958861673064474,0.5726757603222656,0.8481129212902518,0.7030596226387152,0.1618876663167536
R_00038,0.47304049335575316,0.7831584777702936,0.7999300549205102,0.396967516956802,0.9556881882053639,0.8446522551687323,0.669072732969381,0.5722487980633985,0.7225392946727249,0.6399445645951988,0.7133672285100324,0.8097250802453965,0.44875005110991345,0.6657186883769618,0.6389506368815461,0.8183037525143082,0.9313335129281123,0.4917647776931336,0.32252691206115935,0.6751798512584091,0.7349827469685408,0.7621645789623909,0.4622429455812535,0.6361474206882896,0.8310301289566382,0.5187022468970299,0.7609470036668375,0.6082299490708936,0.958717133836577,0.8743560474562411,0.7411435385106767,0.9040702672907528,0.5366507761840493,0.8560444061037562,0.47608829062692426,0.6801497152172773,0.8980851229315485,0.8482710486420832,0.8010198580920096,0.8131652022747015,0.9555113854000497,0.40768777709158566,0.6304975311537427,0.5443345380207921,0.6703138834829676,0.8396186536092075,0.7145172846522799,0.5223106783241646,0.668761806787423,0.9680131832480073,0.63446348122049,0.7884621116493122,0.5795296138495508,0.3057350951318609,0.8264523193017356,0.7850726795503299,0.7352970412568489,0.4828610456910732,0.8582834128102618,0.7901268614983321,0.9537519883622395,0.6201141934744219,0.7765721245180665,0.7100238905843073,0.47335541160060696,0.9000354613675287,0.7178772505042503,0.7776080892638018,0.8216501531921262,0.7930062007846131,0.8123553633482347,0.9440013586342968,0.5666416145055426,0.5202865516823574,0.6256815600713077,0.9240655282759762,0.5080348532287525,0.7470097552717594,0.7663996950597779,0.7280391665312219,0.6963859830629675,0.6320385807417774,0.5453975243904311,0.7026236390259238,0.6143827596583656,0.7943743884155081,0.6739953242981861,0.7257910556307636,0.8563297318107543,0.7006213202346669,0.7866501979854632,0.6969592411781559,0.9015478881722543,0.8313946789142479,0.5450728709219599,0.5394500352498702,0.5970433645525595,0.7914353248948326,0.5506446068459823,0.737978617866589,0.7038954902405805,0.15149910377649362
R_00039,0.6480041389653203,0.4533514715377301,0.5134456599871526,0.800407180513949,0.7579951552016237,0.9436335555476921,0.9011735017194841,0.7199343760279807,0.7816928920745889,0.8272693140134212,0.48749993307031236,0.8317130156508257,0.9446846783141666,0.8339356093986471,0.6039138198137278,0.5824031885331357,0.38154222686726413,0.9480939429403666,0.5858843351176491,0.9180427918452558,0.6097061769471266,0.6537702035712847,0.6273456668549452,0.742596342392507,0.6636813024441031,0.7597162134829846,0.9190206700022132,0.8843001126965189,0.6666383422392796,0.47529783608550197,0.7640012865706158,0.5973248853618314,0.1077589027933062,0.6414823630228166,0.49137842423014705,0.7129584528995306,0.6974907432823378,0.804468957506601,0.6841015897022346,0.42114992608314966,0.5372081733650433,0.6161643227194208,0.5107261590174834,0.7838569971222406,0.37311620548379965,0.6592511700652757,0.9122279629034901,0.8414714114714285,0.8507393412522373,0.5878701676907357,0.9277252930068804,0.5300710522167819,0.581662425817593,0.7061489906731383,0.6345039559960813,0.5864444104777805,0.7032657143100924,0.8040400664830277,0.7329212994695046,0.8509945898321386,0.7896502521581461,0.6901213209883467,0.8167551271867206,0.5816023506024058,0.7940277596477213,0.7745129106067303,0.645377249027032,0.7297907833202308,0.6200297877394668,0.7335478784186829,0.6236821966937499,0.7048448931234982,0.8134389546312635,0.6537502346505447,0.8142482114850758,0.8322900786604687,0.7474194299104471,0.9315774481242103,0.348800705290274,0.7045191491391434,0.8005988156524545,0.7559763843194517,0.5804348180889386,0.7924588594264317,0.8851194907379297,0.9227550965896173,0.8483060200306761,0.5604884098260966,0.7422090297871193,0.785309683086005,0.6847141369558366,0.6003190841673349,0.7458365848969416,0.8751889162497483,0.7134117499711667,0.9002133642052512,0.7724297167540278,0.37227114497666,0.6388802042220497,0.6787370744973991,0.7012486420052885,0.1540647097301113
R_00040,0.7479407620432188,0.7468940660612002,0.6890828878852082,0.8190294011179363,0.8173686674324743,0.8466042106471807,0.4831240214864712,0.7475773325333627,0.9695996158268875,0.7254476250114908,0.4879690827314542,0.8693563244937752,0.5421939738644608,0.6156103206302486,0.4201685135201979,0.7271757786877391,0.5191857657781517,0.6544239529774363,0.6402606618391844,0.8942769384123467,0.9578039467906463,0.6718765425195445,0.7930329010779077,0.8507072941532786,0.8902509443468483,0.6870091065993298,0.8966141837584884,0.7819457332666536,0.5876056128704903,0.5515730800755237,0.7694331492581977,0.44739842419711096,0.8588577189707239,0.6353484285334655,0.9183545324234244,0.45573941787070626,0.9356172583960248,0.8483402636076831,0.39798415755604,0.5713917000551509,0.659514556102262,0.5782258601784249,0.991015398800177,0.7050497940590162,0.8539839693325508,0.7580568951043312,0.48577502707454673,0.7476825240369487,0.7466439017071267,0.9127388693107396,0.7978917578050166,0.47299755414277683,0.7254732138196557,0.792421563811578,0.6690007968931362,0.8892239707812363,0.8693530070910037,0.6568856170255079,0.7302255329986826,0.6062515319710251,0.846601310132237,0.8037895803258207,0.7268339731136887,0.8448667552632256,0.6650592182840965,0.7471789939949108,0.902742352405336,0.5271652042594953,0.6696075235702369,0.5092986009089505,0.8824722301397485,0.7466572455330592,0.5015430653331715,0.560280657176196,0.8314724229811921,0.6354703088952287,0.7168667577850071,0.6297126855442934,0.7389388172027245,0.49780156235796635,0.5484713400938263,0.8592763313845656,0.5721576338342123,0.8092564356150703,0.7536759824688988,0.924976984468437,0.4997738693941077,0.5868481524776586,0.8223055754149318,0.8922168393864132,0.829281041973955,0.7485029843783252,0.5732071224054087,0.6068962292538066,0.3725206713300706,0.7394878760540319,0.5208422128121608,0.7072030857143888,0.7151352410519746,0.7753846020791855,0.7096036511815136,0.14696349235188366
R_00041,0.5778016833202694,0.7164286982764183,0.6260698051481178,0.604063117188266,0.7642323506138323,0.6706613686530182,0.40592743700659917,0.4903630960715542,0.684786551221556,0.7914061442457699,0.8500394443503221,0.6770602764656974,0.07824936136731296,0.6354430559748975,0.8505388385578126,0.7546013517953069,0.4426428402907712,0.4681041931537639,0.8119863176335151,0.7819000778498152,0.42726700058414746,0.6553263841152903,0.8131239262042014,0.7395635496535028,0.5949652229277279,0.9619686756194097,0.5688798299316526,0.7560152015379284,0.6209389066673107,0.5365731863259434,0.9251942210636018,0.41644151798473833,0.8203975886093774,0.7007616412385991,0.5091458179368528,0.7723862938031061,0.4248056043926939,0.686328541390674,0.7243242319833643,0.7571152812424117,0.5834338080694026,0.6734075798129912,0.8340732151668877,0.671153703058136,0.8184342015870709,0.5345749970042991,0.38116396925813406,0.6588484396932062,0.7439467151802082,0.629906056236261,0.7197735753604829,0.7199073436584168,0.6884701625621352,0.9021099035140233,0.6744207188998282,0.8349042713706437,0.5557976013044602,0.8896736169105048,0.8343808169197698,0.7264782490132605,0.7903841619660874,0.5338840776729961,0.7492687611412836,0.7311450493275736,0.6100518809942789,0.40890899764380667,0.3745563885920023,0.7779305219212769,0.6319779896225604,0.8630932065446291,0.613011096165174,0.7360604118468214,0.8426203941887618,0.4035421553249844,0.6449045477872575,0.7373101347294825,0.9350474323419922,0.6345345583713115,0.857343091386892,0.702987365226552,0.6301193445966691,0.5939503371346996,0.7465058882792536,0.6850293645873482,0.3497597522402859,0.42683336842010394,0.5859265812133887,0.5366992794129257,0.6644512979474578,0.5452450973635012,0.6124662719319546,0.782552654159002,0.36326818415949075,0.7552941163413149,0.7470896055289953,0.7345019259657753,0.8759225795024895,0.723976002331535,0.9351763240185554,0.5598766289461723,0.6660189440385395,0.15656237441116394
R_00042,0.4009258467437719,0.9908864599359115,0.6595762311398404,0.7159992251988705,0.35589040632667457,0.6143153241569496,0.7354525267218861,0.3942014446291301,0.2622689279166123,0.7935900014620014,0.8055513956881615,0.7312545053219325,0.7757775678433764,0.7208540494468504,0.8446542940300623,0.8256580181149834,0.6060206573417203,0.9795716656085759,0.622139746768068,0.8981878873484844,0.7475550112237471,0.5963474269753577,0.841636832939363,0.7364907806946621,0.9095759785060994,0.8978871156756942,0.724190198215153,0.5604909265281717,0.5771695955660623,0.7430652439307379,0.7226248515390719,0.8989821012704621,0.4697430172236852,0.8893591901488401,0.857310756024059,0.9309611510914815,0.9229524237932394,0.8927809483412896,0.6620568586066186,0.7971799658938572,0.8219944625045615,0.33705957178065676,0.7497613361393224,0.7436104179368616,0.8579185664255837,0.7104613608264556,0.814788522982469,0.5489054191277127,0.7846002596022652,0.6552759185934615,0.47710287620413916,0.8182386680171179,0.6944042378069741,0.4372936182850936,0.5959138474759915,0.2486432167968235,0.7923301954849153,0.8933693273747065,0.9744588137818653,0.6156723740770595,0.7346224807756803,0.5729000435830064,0.6488828146900036,0.8904672570552982,0.7932675132949923,0.772222326161499,0.8983849638006516,0.8241393261722055,0.7955921953747334,0.9372748416519647,0.6444491678241743,0.7651178773249686,0.691294770344471,0.763423519388358,0.8790128962857577,0.7743890964300247,0.12559975065893741,0.7573715481034826,0.858913250291848,0.9362273086149802,0.8141567030886201,0.666805016642887,0.8706506628975541,0.7604883102317312,0.8371872433032171,0.6677634404816325,0.548736075905214,0.525433465934484,0.8232872482273841,0.4947228063427813,0.45722152724074006,0.7899673291796189,0.777851176802342,0.6385481226028303,0.955874520370102,0.8949836714823567,0.8980609843360478,0.7407383287973311,0.6034955429093413,0.6098911447283005,0.7212235583648708,0.17219337317538963
R_00043,0.6266880768894061,0.5520904579172659,0.7311784407727275,0.8716841842425137,0.8589049451380237,0.8568912535185889,0.9211034740544396,0.9301377021416569,0.7269045077001913,0.5979191542039007,0.6771544734669911,0.7769990663700144,0.924406633023963,0.9069110958596608,0.6092038439547752,0.4482820433715074,0.6473955414221051,0.3601811828850181,0.7063523483491349,0.7210696796440006,0.7643838006602122,0.6325284624811758,0.8327716426726298,0.4648841976647304,0.5984728538057363,0.9439737364556469,0.7290758827521219,0.4505203451360053,0.588682127642176,0.893926256045689,0.5130337888155037,0.7060285558490742,0.5735957151158638,0.7268574489253544,0.67140840851317,0.8583062685560436,0.8004412520530944,0.7328200572708881,0.6760149964687973,0.7899762172059596,0.812506123084038,0.9755511139948579,0.4842363448084538,0.8370321943016078,0.7188463808773728,0.4692483310919757,0.6372938782519707,0.5576530661708932,0.6333921920723736,0.5336673335034768,0.7319978125350675,0.6044035925393973,0.8812929025022004,0.7762471566898144,0.8462276061716918,0.5343938808071884,0.5262378076638655,0.7464175420431295,0.6177939877987474,0.9331957138577619,0.5600466882459906,0.7568499545098033,0.7151840302652654,0.8117318514965297,0.7639348257403491,0.9271294410153208,0.8921685913045603,0.6070449001576997,0.5799024881442766,0.7813236789507104,0.8248863824174564,0.4746890872614679,0.8981834996108948,0.8742360372786835,0.9144088460226547,0.5988942099198863,0.8970687697872397,0.6752511361907902,0.6146006527434315,0.5166218896234023,0.6708201925686127,0.9027718373751238,0.5647148238685828,0.8669677147190086,0.783638512912869,0.759056084012213,0.9903570876942572,0.8220947422456051,0.788481488623612,0.44181362611727215,0.7326683762539518,0.43253369523549673,0.4566275778239121,0.7064889408602244,0.9666434024646497,0.6508941090223073,0.23849753443432456,0.8530256454596318,0.7043893614679446,0.5684742708230307,0.708419110644507,0.15754763921031933
R_00044,0.7330012905382763,0.584632744705855,0.6315662439274718,0.31027507345518046,0.5843852801374597,0.5396457135472401,0.6944680315041134,0.6599957403207907,0.7537177380747113,0.739932802125155,0.7946981723935649,0.8952457478103087,0.5462600505274737,0.7691566924424352,0.5262918191462226,0.7313761649658124,0.6985684824555256,0.7544070403275613,0.8006923518291429,0.8244605150304207,0.7310957550506604,0.5674917287640604,0.33024373278874725,0.6674260328372749,0.2863173476510052,0.6651437829265122,0.8184213714534191,0.8447115316848333,0.913866277445225,0.8945692937557466,0.6492842846301841,0.8867076626568757,0.7921250841022631,0.724411506944414,0.9707368466110399,0.7779482611014858,0.81038225066267,0.39029053307831113,0.6198815631309343,0.896277684508436,0.4235164054845016,0.6849145399204432,0.9545911508435404,0.8533776308835397,0.6538402741146355,0.7575364674125111,0.8895016519524873,0.580907706313253,0.8246851591091915,0.4396223308822679,0.7951458811082667,0.45368584464276607,0.4117812668945588,0.8897744403836274,0.9770798399154272,0.5293925218885713,0.5473278681274584,0.7631666152575224,0.46974157090563334,0.8368525098400877,0.8382648795095913,0.6929427014065499,0.5993899540884424,0.6922187650314262,0.8683232093587318,0.7943032705717867,0.9118652821233564,0.47623451098246694,0.5731886750444379,0.6445959165448565,0.9411184852532198,0.913898734729056,0.8501724768548226,0.7311991886166234,0.6840240983561554,0.8988768939490533,0.9565884324071833,0.5829634670202563,0.6218311859062307,0.7179251801254107,0.713111813713626,0.6637795479627363,0.6920696661975849,0.9680059228350457,0.80477272047262,0.47596710650883717,0.902864287260001,0.5929432681778246,0.9165338259917294,0.7623717275281933,0.8405306505077591,0.8573990076879721,0.9010453075177383,0.4968148435641897,0.46165225931834525,0.8012860735498106,0.7442563294097565,0.7717217775372017,0.5788228323603897,0.6893651848016014,0.7117179136371172,0.16274108765326373
R_00045,0.4537629245423747,0.957201874431106,0.845453029439491,0.6105167763445809,0.7127759734146978,0.7112615330581017,0.6669404994259064,0.9244218372165156,0.5568199497784736,0.6547161766101697,0.5502029324048687,0.7185070344669428,0.9382916398055684,0.7301570034142363,0.8020130585588423,0.870537764371424,0.9526478974686718,0.677104027710766,0.49886018077460587,0.8545368537616586,0.5133375180619169,0.75655842566038,0.6738432127975763,0.8661397438841707,0.8445456819914875,0.38191054231781757,0.7969902803939112,0.8313370817581011,0.5130854169924832,0.9682041569181333,0.8678420719349021,0.4685763134599587,0.4607292559268291,0.4309111761970024,0.5741888613605063,0.8804955697038809,0.5642982669996202,0.805896671420887,0.8921244576899361,0.2549124791759898,0.8427971871110367,0.8336213229694858,0.913712499986211,0.750332590147513,0.6819462259027611,0.8899342798333969,0.30639894187101085,0.5234465456471334,0.3348441662080055,0.868512664941346,0.9738582777013418,0.8059424096314852,0.7270459943005573,0.35003244452791654,0.8726657259895564,0.7360065564727539,0.7488983684734216,0.5270722058499413,0.6322938408005846,0.8091554764537213,0.5796978662370571,0.8880679332308703,0.7341494996384546,0.796252861242636,0.7289614356221842,0.9505149294243177,0.6050687295936852,0.9032765389364386,0.8408714922087425,0.48801246548259014,0.7074383904146366,0.8838656560269268,0.7142673888355192,0.7952764970245518,0.8131337531338272,0.7570368998877057,0.7861255082792766,0.7888207295823912,0.8652728588074882,0.7352260460930401,0.6520801708204789,0.5010875658961872,0.5060639986563094,0.6576902764520819,0.8345524020552724,0.7106909009696126,0.9493535041486795,0.7018636054746183,0.7320213274253324,0.8236799830448925,0.7774967218561352,0.5741421793022154,0.5717854203159252,0.7280073654891173,0.7564752117722845,0.8046504406217383,0.7872835886993896,0.5460209978305727,0.8996624530568726,0.4122700627601217,0.7144938953281382,0.1670779734841709
R_00046,0.8053822127759778,0.7301961504758115,0.49778579191712385,0.8570987576231932,0.6335818083833473,0.8297074269069298,0.49314170150394554,0.6674384237390205,0.8050960379900679,0.6057840985294232,0.9759821562863739,0.5811418005577055,0.553786977944913,0.8292726498713106,0.38668449882862854,0.8743402739714832,0.38727866180499876,0.29093764584001197,0.6185861432365427,0.6126630594257401,0.48486302827395866,0.7725846649870107,0.9142466799517069,0.911464508442257,0.825746275607375,0.5700655737124827,0.4828373967429477,0.6794780065310272,0.9529574470871248,0.6930536661343075,0.6946426133157443,0.6180182293217528,0.6427343864473807,0.5989744034112466,0.48715814283576125,0.5809107874062687,0.8195044675083694,0.8700744867551431,0.944245694520018,0.9449880850185616,0.5411458962465251,0.8374120653505244,0.49982017678375024,0.735826110078032,0.8173718891261073,0.8946805948503068,0.40659593198727273,0.7758390747422187,0.6754882279558441,0.5840495347253275,0.6422360973889845,0.8150790984646255,0.5519939168934286,0.2925840345065809,0.7223015524682672,0.9424560281973873,0.9501847328004961,0.9583536371367711,0.9624375048815875,0.7679668845140089,0.8630637916339418,0.6012493004827679,0.5790813350113075,0.6308661160034806,0.4213677630508946,0.7585473850324069,0.7436170699555549,0.8240062031670493,0.878513083578507,0.7644965071409967,0.8902897952842449,0.6093095293110481,0.8583801169168581,0.5392593300786611,0.685716018512833,0.8976776410294445,0.8342201164616156,0.7810563748743404,0.5416974932539036,0.5746351938397378,0.621918292884135,0.5629885082736565,0.8632312481933478,0.4988792957907774,0.9181866789395368,0.7452488841748982,0.8560334732693586,0.7699381829932348,0.5876495971360084,0.8728079942174054,0.8365945379813656,0.6558821482143603,0.8690042959905785,0.35070690628812373,0.7151801539303628,0.8606261896677098,0.31302890510252357,0.5327901145512978,0.7205995664307164,0.584537992004677,0.6991114094137475,0.17116255530273677
R_00047,0.33951514836991586,0.6919442987185158,0.48672002816261495,0.9479146432338197,0.3892915787349197,0.6959126998592918,0.5678287507703855,0.8381121833849787,0.5332299353902866,0.8423139509412115,0.7441434548581363,0.6709305161169318,0.8445200427105458,0.8097936268662991,0.8730879798835548,0.8527287125446027,0.927475049136818,0.845513522084921,0.3699851666118737,0.925044296397403,0.7636605011727327,0.8424501218381438,0.8439977517529523,0.5802124502855283,0.8178334198138699,0.6983972430541473,0.8438120404083759,0.9022417700585874,0.8702815114538959,0.6448068104762626,0.37912198444581896,0.8776867810299132,0.8613621697940278,0.7725808834255403,0.7546183785088438,0.6797018374830055,0.7610170747117796,0.4478342098250987,0.6301625119224076,0.8664502849197682,0.7015260182937193,0.7055557719301007,0.8563419596054851,0.9484052037537768,0.8081133828762916,0.7629411043019098,0.7755366771828056,0.7684957627460246,0.6314317785289351,0.649489447044367,0.8727177828758109,0.6879149144042263,0.576189945187791,0.9402104028031459,0.5907952468664422,0.9379094225004824,0.8415048022710336,0.5911195754582904,0.7042208567958199,0.6339115061156851,0.8628922840233574,0.5003844270177125,0.41547665177340753,0.7700214407990167,0.7846725007634098,0.4871461937950332,0.9037967810152547,0.9929987587166826,0.5022650883395684,0.6333275669948163,0.8995779058909912,0.6660363001666751,0.6126753599165425,0.9706359635345603,0.6653841103773578,0.8758488562690172,0.5461634587704464,0.8486317032132495,0.5438657739500709,0.7649706032706207,0.9657100782768783,0.8204530247476326,0.44767061734113883,0.9034580913101476,0.7497085420821957,0.8442489899355389,0.59251776871303,0.3178080953558736,0.4961053646000698,0.5320479053469801,0.7050813648963716,0.6686920231229383,0.6489600546517318,0.8885767472046259,0.7758137741317386,0.9026852432721187,0.97740635285317,0.5253923962507653,0.5246054488303041,0.6051803016857811,0.7215746079590671,0.1653619003871242
R_00048,0.7671018124124928,0.6950649550803405,0.6733266138166162,0.8862714585076821,0.5214763158632407,0.8528895102052564,0.4663177223504525,0.7349314172820789,0.8677585642723302,0.7476116045068714,0.565877237101734,0.8982043703663513,0.4620415655556502,0.8607472456189226,0.8220201721469663,0.905920661050901,0.7592191867390249,0.8163387670325513,0.6828354736655983,0.5925385468225368,0.8480995559594751,0.6381366079830388,0.6686388671607512,0.8839677873602008,0.6876687439781302,0.7944699201493544,0.8091957179022071,0.5931146839308186,0.7964569298352575,0.4401290037132272,0.7945190911664509,0.9681423064448876,0.3364290433662326,0.6668068110102195,0.8107210982300955,0.8113913637093404,0.3431327111478978,0.7111036138269056,0.7146625697164746,0.747169746974671,0.6802647469910403,0.8263796943833135,0.8940945693959179,0.5055595749431739,0.6556356175692626,0.7577849096474146,0.6355396688717156,0.8464404807356165,0.8151123736786426,0.6360442681199121,0.7130879722670495,0.4688661219450962,0.9196982353329123,0.9102070324238581,0.6160044782376178,0.7788998282909817,0.4261002132101964,0.561282080610925,0.7262028502964577,0.41541011477349216,0.7500039268849567,0.6345894417714076,0.8076879295090611,0.6165882987761097,0.5538904205195093,0.7808294640622011,0.7439906361141335,0.5310798337092154,0.7233438855813497,0.6059740370109719,0.8684385962730827,0.7729723791316698,0.7676414500186899,0.3858493578458668,0.7131926573546178,0.5468852746767747,0.7114703696196567,0.4558344586005045,0.6863732931380029,0.5709091556858388,0.658946589499761,0.6218104177365513,0.7716632817704567,0.7069871919348952,0.5374588591365896,0.8351805007694022,0.623139342058349,0.696481872531744,0.719521898855496,0.8352899590002023,0.7604202086937825,0.8382523412058623,0.8309312132852931,0.6902402738646902,0.7969966426829804,0.6282479026209701,0.8764087677332825,0.7096114691120651,0.505808079605532,0.30240653966846226,0.6960441242373782,0.14538829176557563
R_00049,0.5975384120052236,0.6425431642527557,0.5938689082144852,0.7278318920336951,0.9419763717783187,0.5883625983417173,0.6517599761172469,0.7161291379431817,0.6049251211062541,0.7330391898977203,0.941431988911226,0.8794252760546651,0.7255805195720768,0.8510416846099614,0.6159100301677015,0.9763669985479224,0.7337814658555539,0.37023582926110105,0.802069534596646,0.4935551851077969,0.8579346809883184,0.3120971634653353,0.6292256392442563,0.9160044090500928,0.5006934195468975,0.5298575452412543,0.7460348366370738,0.8802259072679772,0.3116485137988247,0.9851428997493488,0.5117858669005313,0.7626980681784794,0.7433665713502021,0.940096278263045,0.5752597552225953,0.37558854662823343,0.8078387929048908,0.7959127708670309,0.8552608202669746,0.7886425920128682,0.7277822489988772,0.5283058052483727,0.645010966276226,0.32535881322558685,0.6292813900994343,0.7408019209999613,0.6361830226718487,0.8240280559834755,0.7994405150852089,0.7391152831617853,0.849295596128913,0.7942372358741898,0.9013890503558446,0.8433299233897747,0.9558434463742765,0.7653822489928764,0.9671553855235517,0.7669814642197345,0.7197855320848318,0.553486022619609,0.8238701569337521,0.6788163946817717,0.7181111021671719,0.9242807101097893,0.6365793595986277,0.9255465576267213,0.8831886154313835,0.8558204741095241,0.8343594122218191,0.7538894760796921,0.40643272501365024,0.7058201364593335,0.622326400985314,0.7228806104717853,0.7372994369472119,0.6924863144371678,0.6295608785945501,0.9389367525455432,0.5934775205336508,0.8289983026511845,0.8823285161064567,0.45944122775379614,0.7000678827399084,0.7894432655719655,0.6490854601967235,0.9318444329849579,0.7945593236791237,0.6747822618295526,0.9258200625404375,0.8057265690217367,0.8202521506777226,0.5036804211206488,0.8747358658551524,0.7006513553517641,0.6704703105282495,0.9006838370124366,0.5037633318525927,0.6951955882929647,0.8836092572610087,0.8333799806009263,0.7263708472785164,0.1591378672674908
